tf,horizon,method,current_nonoverlap_n,paired_sd_RUB,effect_to_detect_RUB,approx_n_80pct_power,approx_n_24_tests,assumption
D1,four_weeks,fixed_0.1,28,1144.9132951975362,500,42,81,"normal approximation, independent paired events, 5% two-sided alpha; planning only"
D1,four_weeks,fixed_0.2,28,5147.762708711838,500,832,1629,"normal approximation, independent paired events, 5% two-sided alpha; planning only"
D1,four_weeks,combo_0.5_2,9,8567.391706014607,500,2305,4511,"normal approximation, independent paired events, 5% two-sided alpha; planning only"
D1,intraday,fixed_0.1,175,403.0646385247721,500,6,10,"normal approximation, independent paired events, 5% two-sided alpha; planning only"
D1,intraday,fixed_0.2,175,1677.3829649183979,500,89,173,"normal approximation, independent paired events, 5% two-sided alpha; planning only"
D1,intraday,combo_0.5_2,54,410.42813720352865,500,6,11,"normal approximation, independent paired events, 5% two-sided alpha; planning only"
D1,two_weeks,fixed_0.1,51,690.3220176000791,500,15,30,"normal approximation, independent paired events, 5% two-sided alpha; planning only"
D1,two_weeks,fixed_0.2,51,4738.355353784943,500,705,1380,"normal approximation, independent paired events, 5% two-sided alpha; planning only"
D1,two_weeks,combo_0.5_2,15,5369.283204551529,500,906,1772,"normal approximation, independent paired events, 5% two-sided alpha; planning only"
D1,week,fixed_0.1,83,798.0302514604317,500,20,40,"normal approximation, independent paired events, 5% two-sided alpha; planning only"
D1,week,fixed_0.2,83,2773.355896056243,500,242,473,"normal approximation, independent paired events, 5% two-sided alpha; planning only"
D1,week,combo_0.5_2,28,1893.1629958100991,500,113,221,"normal approximation, independent paired events, 5% two-sided alpha; planning only"
H1,four_weeks,fixed_0.1,33,6899.882727321826,500,1495,2926,"normal approximation, independent paired events, 5% two-sided alpha; planning only"
H1,four_weeks,fixed_0.2,33,7440.900362624784,500,1739,3403,"normal approximation, independent paired events, 5% two-sided alpha; planning only"
H1,four_weeks,combo_0.5_2,33,8541.198501573868,500,2291,4484,"normal approximation, independent paired events, 5% two-sided alpha; planning only"
H1,intraday,fixed_0.1,164,2993.304189893862,500,282,551,"normal approximation, independent paired events, 5% two-sided alpha; planning only"
H1,intraday,fixed_0.2,164,3720.7325521337943,500,435,851,"normal approximation, independent paired events, 5% two-sided alpha; planning only"
H1,intraday,combo_0.5_2,162,3488.1502336559643,500,382,748,"normal approximation, independent paired events, 5% two-sided alpha; planning only"
H1,two_weeks,fixed_0.1,67,3707.2799835773967,500,432,845,"normal approximation, independent paired events, 5% two-sided alpha; planning only"
H1,two_weeks,fixed_0.2,67,5746.865494644519,500,1037,2030,"normal approximation, independent paired events, 5% two-sided alpha; planning only"
H1,two_weeks,combo_0.5_2,67,5334.199020599928,500,894,1749,"normal approximation, independent paired events, 5% two-sided alpha; planning only"
H1,week,fixed_0.1,131,3423.644141001298,500,368,721,"normal approximation, independent paired events, 5% two-sided alpha; planning only"
H1,week,fixed_0.2,131,4777.201126019976,500,717,1403,"normal approximation, independent paired events, 5% two-sided alpha; planning only"
H1,week,combo_0.5_2,131,4548.8390508524135,500,650,1272,"normal approximation, independent paired events, 5% two-sided alpha; planning only"
