tf,horizon,,buffer_ATRH,buffer_ATRD,buffer_spread,duration_days
D1,four_weeks,0.1,0.13629316634241187,0.030686150968529426,0.4982352507418723,0.3819444444444445
D1,four_weeks,0.5,0.21148036253776153,0.04961020552799449,0.8316008316008316,6.128472222222222
D1,four_weeks,0.9,0.3441547518923436,0.07114083244292155,2.5182573659027954,28.0
D1,intraday,0.1,0.12500000000000044,0.027835216228484318,0.49808515701719913,0.25
D1,intraday,0.5,0.20958083832335223,0.0497512437810945,0.8350320448278761,0.25
D1,intraday,0.9,0.3441547518923436,0.06921616710239192,2.098122427414039,0.25
D1,two_weeks,0.1,0.1363995622568086,0.03075112958360309,0.4990486444096815,0.3854166666666667
D1,two_weeks,0.5,0.21021021021020858,0.0497512437810945,0.8356530801827317,6.086805555555555
D1,two_weeks,0.9,0.3401437492635776,0.06997403716155579,2.9990579722250814,14.0
D1,week,0.1,0.12809842218478817,0.029264730338459746,0.4979650820374606,0.3798611111111111
D1,week,0.5,0.21021021021020858,0.0497512437810945,0.8350320448278761,6.076388888888889
D1,week,0.9,0.3371980676328515,0.06951340615690145,2.4342303782050427,7.0
H1,four_weeks,0.1,0.11608623548922083,0.02865329512893982,2.219964388546433,0.03819444444444445
H1,four_weeks,0.5,0.19718309859154987,0.04905395935529084,3.8309039180237026,0.6423611111111112
H1,four_weeks,0.9,0.2978723404255318,0.06743737957610785,4.917184774206892,3.755902777777778
H1,intraday,0.1,0.13385544635544605,0.029673590504451054,2.192687983238315,0.010416666666666666
H1,intraday,0.5,0.20497847747423353,0.05057803468208097,3.7254478662944015,0.22395833333333331
H1,intraday,0.9,0.2959949937421766,0.06535947712418295,4.859401714918116,0.25
H1,two_weeks,0.1,0.11308562197092088,0.028443722064201548,2.2182107162344384,0.041666666666666664
H1,two_weeks,0.5,0.19607843137254866,0.04905395935529084,3.8277804997550224,0.6493055555555556
H1,two_weeks,0.9,0.2930100910657166,0.06660323501427227,4.914144990021052,3.7677083333333337
H1,week,0.1,0.11100545870751868,0.027877339705296742,2.2041268791142614,0.041666666666666664
H1,week,0.5,0.19553072625698334,0.04905395935529084,3.8268430075924567,0.6493055555555556
H1,week,0.9,0.29535864978903076,0.06636334885860512,4.916304837581779,3.7506944444444454
