tf,horizon,method,n,mean_RUB,reference_mean,delta_RUB,ci_low,ci_high
D1,four_weeks,atrD_0.025,41,5110.263082926804,5002.851929268268,107.4111536585357,2.580821569481816,243.19461365685828
D1,four_weeks,atrD_0.05,41,4934.161497560949,5002.851929268268,-68.6904317073183,-276.899034919357,5.431399301441135
D1,four_weeks,atrD_0.1,41,5186.621006097546,5002.851929268268,183.76907682927904,-770.8232315144744,2230.4740845253377
D1,four_weeks,atrD_0.25,41,4015.5531182926734,5002.851929268268,-987.2988109755938,-2220.975396701385,871.697725125025
D1,four_weeks,atrH_0.1,41,5010.664929268263,5002.851929268268,7.812999999996131,-162.49574076007943,217.4928640584312
D1,four_weeks,atrH_0.25,41,4861.48430731705,5002.851929268268,-141.36762195121764,-341.69265741453205,-46.682068981857675
D1,four_weeks,atrH_0.5,41,4917.444676829247,5002.851929268268,-85.40725243901983,-1152.4552707894761,1950.0101597524242
D1,four_weeks,atrH_1,41,4221.122223170725,5002.851929268268,-781.7297060975417,-2093.139927865846,1173.6212949646094
D1,four_weeks,combo_0.25_1,41,5503.573242682902,5002.851929268268,500.72131341463415,-397.7174978418111,2563.674421955417
D1,four_weeks,combo_0.5_2,41,4682.093098780471,5002.851929268268,-320.7588304877959,-1287.7996381402334,1464.4695455588271
D1,four_weeks,combo_1_2,41,4221.122223170725,5002.851929268268,-781.7297060975417,-2093.139927865846,1173.6212949646094
D1,four_weeks,fixed_0,41,4725.7123390243705,5002.851929268268,-277.1395902438967,-1676.7591931997854,548.6410992793961
D1,four_weeks,fixed_0.01,41,4682.773465853638,5002.851929268268,-320.07846341462937,-1708.6983379282499,517.7307389752716
D1,four_weeks,fixed_0.03,41,5034.8957341463165,5002.851929268268,32.04380487804919,-142.89809884181372,237.08768499437235
D1,four_weeks,fixed_0.05,41,5002.851929268268,5002.851929268268,0.0,0.0,0.0
D1,four_weeks,fixed_0.1,41,4577.66818536583,5002.851929268268,-425.18374390243736,-747.6840846969598,-84.2523964958663
D1,four_weeks,fixed_0.2,41,4860.4706926829085,5002.851929268268,-142.3812365853581,-1286.199281793476,1797.7027881209747
D1,four_weeks,fixed_0.5,41,3504.151126829257,5002.851929268268,-1498.70080243901,-2900.988074127888,671.1178125428678
D1,four_weeks,price_0.0005,41,5032.060142682905,5002.851929268268,29.208213414637434,-2.70270270270403,102.02727043506411
D1,four_weeks,price_0.001,41,5279.462546341447,5002.851929268268,276.61061707317936,-660.0539870904756,2298.8732912774326
D1,four_weeks,price_0.002,41,4563.095864634121,5002.851929268268,-439.7560646341455,-1346.1810181964302,1288.6219141363567
D1,four_weeks,price_0.005,41,3513.053108536575,5002.851929268268,-1489.798820731692,-2770.571930371121,377.01569980361586
D1,four_weeks,q_0.5,41,4686.711887804858,5002.851929268268,-316.14004146341006,-1720.4258733333327,495.6020007984542
D1,four_weeks,q_0.75,41,1925.350380487799,5002.851929268268,-3077.5015487804685,-5514.724448203118,-1050.3874920929352
D1,four_weeks,q_0.9,41,-62.94825000000261,5002.851929268268,-5065.80017926827,-8281.084003446964,-2792.9246133124725
D1,four_weeks,selected_atrD,41,3633.1408256097484,5002.851929268268,-1369.7111036585188,-1807.1829878859785,-861.2275501711764
D1,four_weeks,selected_atrH,41,3628.8277512194977,5002.851929268268,-1374.024178048769,-1757.1654036333005,-913.7657210227179
D1,four_weeks,selected_combo,41,4406.591410975593,5002.851929268268,-596.2605182926746,-1534.2517969827043,1305.456630506303
D1,four_weeks,selected_fixed,41,3226.593886585347,5002.851929268268,-1776.2580426829209,-2404.394393749993,-861.5347152999993
D1,four_weeks,selected_price,41,4595.922785365837,5002.851929268268,-406.9291439024308,-696.6350477499509,-109.75125391065541
D1,four_weeks,selected_q,41,-62.94825000000261,5002.851929268268,-5065.80017926827,-8281.084003446964,-2792.9246133124725
D1,intraday,atrD_0.025,56,322.5219964285614,311.28851696427444,11.233479464286884,-42.61949249058731,81.1651077254166
D1,intraday,atrD_0.05,56,297.4116053571336,311.28851696427444,-13.876911607140789,-61.72480324358426,33.32778999999669
D1,intraday,atrD_0.1,56,266.7937294642808,311.28851696427444,-44.49478749999374,-104.94393506803753,26.954052035715424
D1,intraday,atrD_0.25,56,353.237425892853,311.28851696427444,41.94890892857854,-293.745746861293,627.6980035491322
D1,intraday,atrH_0.1,56,345.40266071427243,311.28851696427444,34.11414374999796,-19.03463885080671,96.30843794062461
D1,intraday,atrH_0.25,56,301.7794732142749,311.28851696427444,-9.509043749999607,-56.78917760049698,37.224140123657165
D1,intraday,atrH_0.5,56,265.991192857132,311.28851696427444,-45.29732410714252,-114.70559579838955,34.27122121553413
D1,intraday,atrH_1,56,422.26224642856727,311.28851696427444,110.97372946429275,-219.03537740530416,745.7174910709634
D1,intraday,combo_0.25_1,56,299.9207901785633,311.28851696427444,-11.367726785711145,-64.95404556005671,53.60735347851239
D1,intraday,combo_0.5_2,56,274.01125178570754,311.28851696427444,-37.27726517856679,-112.93206208960025,51.51521016173351
D1,intraday,combo_1_2,56,422.26224642856727,311.28851696427444,110.97372946429275,-219.03537740530416,745.7174910709634
D1,intraday,fixed_0,56,333.9779196428496,311.28851696427444,22.689402678575068,-179.56990557273372,163.57117981071985
D1,intraday,fixed_0.01,56,400.266177678557,311.28851696427444,88.97766071428258,4.054383303570989,175.42161509550928
D1,intraday,fixed_0.03,56,343.4947455357059,311.28851696427444,32.20622857143136,-34.56346919128865,106.49462421113668
D1,intraday,fixed_0.05,56,311.28851696427444,311.28851696427444,0.0,0.0,0.0
D1,intraday,fixed_0.1,56,294.3165491071317,311.28851696427444,-16.971967857142676,-75.17317059534037,57.13713168749477
D1,intraday,fixed_0.2,56,487.91414374999397,311.28851696427444,176.62562678571956,-129.2367876842963,796.1130994996812
D1,intraday,fixed_0.5,56,327.16482410713814,311.28851696427444,15.876307142863718,-318.6478188877139,523.861494351343
D1,intraday,price_0.0005,56,317.7524187499917,311.28851696427444,6.463901785717147,-43.39322177419371,72.62144711539405
D1,intraday,price_0.001,56,293.38556071427854,311.28851696427444,-17.902956249995913,-73.3399097421923,57.552249679331204
D1,intraday,price_0.002,56,233.9592633928474,311.28851696427444,-77.329253571427,-164.83233335799258,22.123606573834014
D1,intraday,price_0.005,56,352.31976874999447,311.28851696427444,41.03125178571999,-321.41956103357353,615.7587177309532
D1,intraday,q_0.5,56,333.9779196428496,311.28851696427444,22.689402678575068,-179.56990557273372,163.57117981071985
D1,intraday,q_0.75,56,333.9779196428496,311.28851696427444,22.689402678575068,-179.56990557273372,163.57117981071985
D1,intraday,q_0.9,56,333.9779196428496,311.28851696427444,22.689402678575068,-179.56990557273372,163.57117981071985
D1,intraday,selected_atrD,56,242.37498035713375,311.28851696427444,-68.91353660714057,-217.8148115247852,32.158604959018206
D1,intraday,selected_atrH,56,209.5226214285593,311.28851696427444,-101.76589553571519,-213.30678561640627,35.54948958521236
D1,intraday,selected_combo,56,261.3019571428496,311.28851696427444,-49.986559821424954,-144.74613575399243,49.615852308525085
D1,intraday,selected_fixed,56,203.75103214284758,311.28851696427444,-107.53748482142682,-319.0539361375,120.05267059860697
D1,intraday,selected_price,56,261.71087232142,311.28851696427444,-49.57764464285448,-120.55577294578408,39.70371306316234
D1,intraday,selected_q,56,333.9779196428496,311.28851696427444,22.689402678575068,-179.56990557273372,163.57117981071985
D1,two_weeks,atrD_0.025,46,3637.4066771738826,3521.6102597825825,115.79641739130065,14.484648532910116,250.25626447658865
D1,two_weeks,atrD_0.05,46,3458.2122663043197,3521.6102597825825,-63.39799347826303,-232.5147387123034,3.569601965090661
D1,two_weeks,atrD_0.1,46,3545.2548293478067,3521.6102597825825,23.644569565225794,-678.3118051004681,1272.1136690170492
D1,two_weeks,atrD_0.25,46,2696.7827749999888,3521.6102597825825,-824.8274847825927,-1783.6177349258815,428.1587936017537
D1,two_weeks,atrH_0.1,46,3595.543236956489,3521.6102597825825,73.93297717390656,-36.15564430645307,227.10086653471583
D1,two_weeks,atrH_0.25,46,3404.265196739106,3521.6102597825825,-117.34506304347576,-284.26028175675543,-28.63236096394419
D1,two_weeks,atrH_0.5,46,3313.2889445651963,3521.6102597825825,-208.32131521738535,-926.346914989726,1046.8414597804056
D1,two_weeks,atrH_1,46,2891.148583695642,3521.6102597825825,-630.4616760869395,-1615.1004665624894,783.7414969885266
D1,two_weeks,combo_0.25_1,46,3827.5382858695407,3521.6102597825825,305.92802608695825,-347.6964776614582,1560.6613216151322
D1,two_weeks,combo_0.5_2,46,3136.3730999999825,3521.6102597825825,-385.23715978259895,-1031.2623973511859,723.6686706557581
D1,two_weeks,combo_1_2,46,2891.148583695642,3521.6102597825825,-630.4616760869395,-1615.1004665624894,783.7414969885266
D1,two_weeks,fixed_0,46,3903.944974999975,3521.6102597825825,382.3347152173927,233.84929451005652,557.0187503305941
D1,two_weeks,fixed_0.01,46,3842.7397858695363,3521.6102597825825,321.12952608695446,172.7530189569623,512.9567004075143
D1,two_weeks,fixed_0.03,46,3617.1402586956233,3521.6102597825825,95.5299989130408,-19.3502789910228,249.52622467401625
D1,two_weeks,fixed_0.05,46,3521.6102597825825,3521.6102597825825,0.0,0.0,0.0
D1,two_weeks,fixed_0.1,46,3108.3046793478,3521.6102597825825,-413.3055804347819,-684.5980915092053,-104.41612004701014
D1,two_weeks,fixed_0.2,46,3265.3098010869357,3521.6102597825825,-256.300458695646,-1124.6048903490241,1070.3302474896714
D1,two_weeks,fixed_0.5,46,2081.9642782608594,3521.6102597825825,-1439.6459815217224,-2429.2268100366964,-58.89055157553777
D1,two_weeks,price_0.0005,46,3547.64366739128,3521.6102597825825,26.03340760869858,-2.0520833333367925,92.89899969759394
D1,two_weeks,price_0.001,46,3589.1412999999784,3521.6102597825825,67.53104021739692,-596.7230022749887,1293.5684057337019
D1,two_weeks,price_0.002,46,2998.234434782585,3521.6102597825825,-523.3758249999967,-1219.6315326876913,561.2792992047267
D1,two_weeks,price_0.005,46,2222.16145869564,3521.6102597825825,-1299.448801086942,-2290.8253914245624,5.166072250041348
D1,two_weeks,q_0.5,46,3903.944974999975,3521.6102597825825,382.3347152173927,233.84929451005652,557.0187503305941
D1,two_weeks,q_0.75,46,1599.6751130434684,3521.6102597825825,-1921.9351467391127,-3430.4587683217396,-271.8270670355332
D1,two_weeks,q_0.9,46,588.4598923912988,3521.6102597825825,-2933.1503673912825,-5449.15825975503,-923.9796836333022
D1,two_weeks,selected_atrD,46,2512.5370489130323,3521.6102597825825,-1009.0732108695491,-1337.4736757613534,-577.0620320697396
D1,two_weeks,selected_atrH,46,2811.710966304326,3521.6102597825825,-709.8992934782552,-1054.8818937765843,-197.94727790896695
D1,two_weeks,selected_combo,46,3134.3061771738935,3521.6102597825825,-387.30408260868813,-1073.2593569412775,838.2074267726945
D1,two_weeks,selected_fixed,46,2509.7316554347663,3521.6102597825825,-1011.8786043478151,-1707.0726918794503,-43.546812255692565
D1,two_weeks,selected_price,46,3130.2272576086734,3521.6102597825825,-391.38300217390855,-637.6598631331746,-117.30676785147841
D1,two_weeks,selected_q,46,588.4598923912988,3521.6102597825825,-2933.1503673912825,-5449.15825975503,-923.9796836333022
D1,week,atrD_0.025,52,2158.3852980768966,2117.838974038437,40.54632403845982,-87.21850729598079,156.14307026208684
D1,week,atrD_0.05,52,2093.802361538438,2117.838974038437,-24.036612499998526,-168.4240492291711,66.10747079661549
D1,week,atrD_0.1,52,1920.228312499985,2117.838974038437,-197.61066153845195,-465.99020958789697,106.77123425490305
D1,week,atrD_0.25,52,1457.2252442307586,2117.838974038437,-660.613729807678,-1221.5603980374956,90.47784446059295
D1,week,atrH_0.1,52,2166.284549999967,2117.838974038437,48.445575961531176,-30.74977613063811,153.15291976252968
D1,week,atrH_0.25,52,2036.652205769207,2117.838974038437,-81.18676826922955,-221.66260843749905,22.257456712958287
D1,week,atrH_0.5,52,1621.7726067307472,2117.838974038437,-496.0663673076891,-841.3211117255549,-146.40796642611593
D1,week,atrH_1,52,1707.9671884615261,2117.838974038437,-409.87178557691044,-1069.9735507551995,517.0239867023425
D1,week,combo_0.25_1,52,2065.8683317307455,2117.838974038437,-51.97064230769129,-285.64313624999596,245.10312804486693
D1,week,combo_0.5_2,52,1589.7044480769048,2117.838974038437,-528.1345259615322,-896.8716208168627,-121.72041256545516
D1,week,combo_1_2,52,1707.9671884615261,2117.838974038437,-409.87178557691044,-1069.9735507551995,517.0239867023425
D1,week,fixed_0,52,2377.839754807669,2117.838974038437,260.0007807692328,99.26042231249771,416.8807035440894
D1,week,fixed_0.01,52,2325.7840567307435,2117.838974038437,207.94508269230676,39.45430360809577,381.3029194866233
D1,week,fixed_0.03,52,2152.9955057692055,2117.838974038437,35.156531730769025,-90.38820262255079,154.92405334033523
D1,week,fixed_0.05,52,2117.838974038437,2117.838974038437,0.0,0.0,0.0
D1,week,fixed_0.1,52,1866.8885567307448,2117.838974038437,-250.95041730769196,-470.9516316581688,32.22981043066269
D1,week,fixed_0.2,52,1807.3654230769052,2117.838974038437,-310.47355096153143,-809.0774416985191,449.25119595060255
D1,week,fixed_0.5,52,1259.5315528846054,2117.838974038437,-858.3074211538317,-1765.2400437326341,238.46169727773784
D1,week,price_0.0005,52,2138.94544999998,2117.838974038437,21.106475961542802,-3.555555555555434,79.15023295456011
D1,week,price_0.001,52,1944.9232634615194,2117.838974038437,-172.91571057691758,-401.60627119298067,106.36092242992494
D1,week,price_0.002,52,1563.3879019230562,2117.838974038437,-554.4510721153808,-836.2055544843565,-231.992509652433
D1,week,price_0.005,52,1437.0890673076813,2117.838974038437,-680.7499067307555,-1596.2167133711405,436.2739300498137
D1,week,q_0.5,52,2377.839754807669,2117.838974038437,260.0007807692328,99.26042231249771,416.8807035440894
D1,week,q_0.75,52,1372.3411471153713,2117.838974038437,-745.4978269230655,-1258.1711486877741,-78.77113698480981
D1,week,q_0.9,52,985.9429740384556,2117.838974038437,-1131.895999999981,-2381.2950688379187,139.96825140105602
D1,week,selected_atrD,52,1659.2966567307535,2117.838974038437,-458.5423173076828,-843.6961337499781,-16.73152274048682
D1,week,selected_atrH,52,1796.3173221153627,2117.838974038437,-321.52165192307405,-740.9225488326073,206.97616933238228
D1,week,selected_combo,52,1773.176547115365,2117.838974038437,-344.66242692307173,-772.7573775743617,208.13917288588755
D1,week,selected_fixed,52,1448.801512499985,2117.838974038437,-669.0374615384518,-1378.2856406902692,190.12567594199098
D1,week,selected_price,52,1929.1013798076715,2117.838974038437,-188.73759423076507,-378.36788131339904,28.720745073551626
D1,week,selected_q,52,1584.964237499988,2117.838974038437,-532.8747365384484,-1333.3795713103573,500.4722850532414
H1,four_weeks,atrD_0.025,1742,-683.9952865671627,-800.7444271239905,116.74914055682791,38.37851874468798,190.326895870394
H1,four_weeks,atrD_0.05,1742,-616.5592448048213,-800.7444271239905,184.1851823191694,88.40749394734551,287.3674028421274
H1,four_weeks,atrD_0.1,1742,-421.0628721010317,-800.7444271239905,379.68155502295883,132.2298922273971,620.7405471954482
H1,four_weeks,atrD_0.25,1742,-358.5898785591269,-800.7444271239905,442.1545485648637,124.70848928212423,758.3898016547873
H1,four_weeks,atrH_0.1,1742,-695.0836559988483,-800.7444271239905,105.66077112514246,11.245278825346421,197.90544873570673
H1,four_weeks,atrH_0.25,1742,-608.3146418771513,-800.7444271239905,192.4297852468392,54.26075264350178,338.75165111655633
H1,four_weeks,atrH_0.5,1742,-387.0264056257156,-800.7444271239905,413.7180214982749,153.425120622038,661.9084200250442
H1,four_weeks,atrH_1,1742,-430.3794634615375,-800.7444271239905,370.3649636624531,72.23922824735527,655.5946270484214
H1,four_weeks,combo_0.25_1,1742,-608.3146418771513,-800.7444271239905,192.4297852468392,54.26075264350178,338.75165111655633
H1,four_weeks,combo_0.5_2,1742,-387.1156830080348,-800.7444271239905,413.62874411595584,153.425120622038,661.7416985627024
H1,four_weeks,combo_1_2,1742,-430.3794634615375,-800.7444271239905,370.3649636624531,72.23922824735527,655.5946270484214
H1,four_weeks,fixed_0,1742,-919.8296854190559,-800.7444271239905,-119.08525829506524,-337.9729084420223,85.05028505752784
H1,four_weeks,fixed_0.01,1742,-816.0616821469544,-800.7444271239905,-15.317255022963755,-228.86778871865292,187.1404453311615
H1,four_weeks,fixed_0.03,1742,-711.2147615097581,-800.7444271239905,89.52966561423241,-42.34468680916986,202.89476107495716
H1,four_weeks,fixed_0.05,1742,-800.7444271239905,-800.7444271239905,0.0,0.0,0.0
H1,four_weeks,fixed_0.1,1742,-467.6111911021811,-800.7444271239905,333.1332360218094,152.13028748335725,510.7582347601306
H1,four_weeks,fixed_0.2,1742,-367.22707887485643,-800.7444271239905,433.5173482491343,138.99447811318385,714.6770403871594
H1,four_weeks,fixed_0.5,1742,-270.1151873995408,-800.7444271239905,530.6292397244499,139.33954016923124,919.1052258819424
H1,four_weeks,price_0.0005,1742,-747.2480741102146,-800.7444271239905,53.49635301377613,18.45712550745633,90.50365389751646
H1,four_weeks,price_0.001,1742,-534.9042893513168,-800.7444271239905,265.84013777267364,101.80354704758183,427.4172984432305
H1,four_weeks,price_0.002,1742,-454.1753492537289,-800.7444271239905,346.5690778702617,103.11537213203871,583.3032597748922
H1,four_weeks,price_0.005,1742,-308.0695464695754,-800.7444271239905,492.67488065441523,131.14861166516252,836.5526686727757
H1,four_weeks,q_0.5,1742,-400.69879784730017,-800.7444271239905,400.0456292766905,107.832917348423,678.9736307118313
H1,four_weeks,q_0.75,1742,-571.9119940872565,-800.7444271239905,228.83243303673416,-318.1498208936329,730.2596096931879
H1,four_weeks,q_0.9,1742,-604.8522002009188,-800.7444271239905,195.89222692307186,-348.15393057749526,735.195963614192
H1,four_weeks,selected_atrD,1742,-358.5898785591269,-800.7444271239905,442.1545485648637,124.70848928212423,758.3898016547873
H1,four_weeks,selected_atrH,1742,-430.3794634615375,-800.7444271239905,370.3649636624531,72.23922824735527,655.5946270484214
H1,four_weeks,selected_combo,1742,-430.3794634615375,-800.7444271239905,370.3649636624531,72.23922824735527,655.5946270484214
H1,four_weeks,selected_fixed,1742,-270.1151873995408,-800.7444271239905,530.6292397244499,139.33954016923124,919.1052258819424
H1,four_weeks,selected_price,1742,-308.0695464695754,-800.7444271239905,492.67488065441523,131.14861166516252,836.5526686727757
H1,four_weeks,selected_q,1742,-604.8522002009188,-800.7444271239905,195.89222692307186,-348.15393057749526,735.195963614192
H1,intraday,atrD_0.025,174,-1700.0137778735752,-1659.9992270114997,-40.014550862075545,-264.1318522223864,137.41577290724385
H1,intraday,atrD_0.05,174,-1549.2340767241492,-1659.9992270114997,110.76515028735034,-27.34882072347335,354.4347012457916
H1,intraday,atrD_0.1,174,-1399.2742505747192,-1659.9992270114997,260.7249764367803,-101.42813085762364,704.3701441160858
H1,intraday,atrD_0.25,174,-1002.6795772988471,-1659.9992270114997,657.3196497126526,18.30575824573493,1431.0520177777178
H1,intraday,atrH_0.1,174,-1706.285635919551,-1659.9992270114997,-46.28640890805108,-266.97281306989987,136.57457421261074
H1,intraday,atrH_0.25,174,-1555.723064367828,-1659.9992270114997,104.27616264367195,-112.57088978931989,385.1217452373565
H1,intraday,atrH_0.5,174,-1284.791598275868,-1659.9992270114997,375.2076287356319,-110.7318059711389,939.0545555230261
H1,intraday,atrH_1,174,-1336.0396045977002,-1659.9992270114997,323.95962241379937,-328.53988349626593,1072.031995148632
H1,intraday,combo_0.25_1,174,-1555.723064367828,-1659.9992270114997,104.27616264367195,-112.57088978931989,385.1217452373565
H1,intraday,combo_0.5_2,174,-1285.6853982758678,-1659.9992270114997,374.3138287356319,-111.55044687422992,936.9734940957188
H1,intraday,combo_1_2,174,-1336.0396045977002,-1659.9992270114997,323.95962241379937,-328.53988349626593,1072.031995148632
H1,intraday,fixed_0,174,-1914.1591155172237,-1659.9992270114997,-254.15988850572387,-694.0988983952196,135.27598705313108
H1,intraday,fixed_0.01,174,-1585.5387008620714,-1659.9992270114997,74.46052614942839,-173.96439056421212,284.30829627720397
H1,intraday,fixed_0.03,174,-1737.6164597701147,-1659.9992270114997,-77.61723275861532,-318.2010647268121,124.29825367707248
H1,intraday,fixed_0.05,174,-1659.9992270114997,-1659.9992270114997,0.0,0.0,0.0
H1,intraday,fixed_0.1,174,-1371.2031209770182,-1659.9992270114997,288.7961060344816,-114.24203736885802,740.3415804119065
H1,intraday,fixed_0.2,174,-1407.6651270114983,-1659.9992270114997,252.33410000000148,-269.29498932989594,852.9011476233591
H1,intraday,fixed_0.5,174,-480.8329008620682,-1659.9992270114997,1179.1663261494311,407.78520080423004,1957.0801911349947
H1,intraday,price_0.0005,174,-1638.768254023005,-1659.9992270114997,21.23097298849453,2.4996467829814226,42.07956004643229
H1,intraday,price_0.001,174,-1324.3380390804648,-1659.9992270114997,335.6611879310349,-74.22568574519623,799.9829090598822
H1,intraday,price_0.002,174,-1479.9802181034438,-1659.9992270114997,180.01900890805592,-330.043505530643,721.925876715838
H1,intraday,price_0.005,174,-670.1403735632184,-1659.9992270114997,989.858853448281,223.8463902100919,1750.8016477748279
H1,intraday,q_0.5,174,-1914.1591155172237,-1659.9992270114997,-254.15988850572387,-694.0988983952196,135.27598705313108
H1,intraday,q_0.75,174,-1279.9043833333358,-1659.9992270114997,380.0948436781641,-97.42877100869808,934.0169150033671
H1,intraday,q_0.9,174,-649.4456729885065,-1659.9992270114997,1010.553554022993,282.38340776486194,1831.8237201419827
H1,intraday,selected_atrD,174,-1316.1013316091905,-1659.9992270114997,343.8978954023093,-309.49955639879397,1044.6205536347093
H1,intraday,selected_atrH,174,-1426.491966379316,-1659.9992270114997,233.50726063218372,-352.0169654110344,896.7908071687789
H1,intraday,selected_combo,174,-1411.0947488505813,-1659.9992270114997,248.90447816091836,-336.2265919997053,902.8059212727101
H1,intraday,selected_fixed,174,-480.8329008620682,-1659.9992270114997,1179.1663261494311,407.78520080423004,1957.0801911349947
H1,intraday,selected_price,174,-670.1403735632184,-1659.9992270114997,989.858853448281,223.8463902100919,1750.8016477748279
H1,intraday,selected_q,174,-649.4456729885065,-1659.9992270114997,1010.553554022993,282.38340776486194,1831.8237201419827
H1,two_weeks,atrD_0.025,1878,-777.6414712992527,-879.1958451810403,101.55437388178771,24.465592911243384,175.80631976174826
H1,two_weeks,atrD_0.05,1878,-712.5414334664529,-879.1958451810403,166.65441171458764,71.18792975854687,263.875646193678
H1,two_weeks,atrD_0.1,1878,-500.7383629126723,-879.1958451810403,378.45748226836804,134.80156080124624,625.1818775460024
H1,two_weeks,atrD_0.25,1878,-388.5469784078799,-879.1958451810403,490.6488667731605,198.38954724834517,791.0571645975834
H1,two_weeks,atrH_0.1,1878,-787.980919808303,-879.1958451810403,91.2149253727374,-2.696912420787105,186.59158146201324
H1,two_weeks,atrH_0.25,1878,-705.482543530351,-879.1958451810403,173.71330165068935,43.89055216707962,311.6612083997019
H1,two_weeks,atrH_0.5,1878,-472.93458016506753,-879.1958451810403,406.261265015973,158.52898743452465,656.5463200753301
H1,two_weeks,atrH_1,1878,-477.9103542598503,-879.1958451810403,401.28549092119,129.10950866933953,685.0275625813769
H1,two_weeks,combo_0.25_1,1878,-705.482543530351,-879.1958451810403,173.71330165068935,43.89055216707962,311.6612083997019
H1,two_weeks,combo_0.5_2,1878,-473.0173923056425,-879.1958451810403,406.17845287539785,158.52483798948728,656.4603437847938
H1,two_weeks,combo_1_2,1878,-477.9103542598503,-879.1958451810403,401.28549092119,129.10950866933953,685.0275625813769
H1,two_weeks,fixed_0,1878,-997.7550004792304,-879.1958451810403,-118.55915529818986,-320.2180161159848,66.00827718015708
H1,two_weeks,fixed_0.01,1878,-882.2976665867906,-879.1958451810403,-3.101821405750272,-195.5326129128084,185.61154513736213
H1,two_weeks,fixed_0.03,1878,-799.4618636315219,-879.1958451810403,79.73398154951857,-41.99575935173675,186.76313973262953
H1,two_weeks,fixed_0.05,1878,-879.1958451810403,-879.1958451810403,0.0,0.0,0.0
H1,two_weeks,fixed_0.1,1878,-559.5920097710333,-879.1958451810403,319.60383541000715,136.7103106988998,492.9991197687872
H1,two_weeks,fixed_0.2,1878,-438.51262601171425,-879.1958451810403,440.68321916932615,168.92660983479456,718.5465236418414
H1,two_weeks,fixed_0.5,1878,-286.5020116080938,-879.1958451810403,592.6938335729466,214.20203895789842,959.976371532382
H1,two_weeks,price_0.0005,1878,-837.8078383919035,-879.1958451810403,41.38800678913686,-1.1780731042672323,83.3794910134165
H1,two_weeks,price_0.001,1878,-625.6527226038309,-879.1958451810403,253.54312257720935,91.67022449125217,407.7167286912442
H1,two_weeks,price_0.002,1878,-521.8496919861534,-879.1958451810403,357.34615319488694,132.1389232802901,594.1865845619005
H1,two_weeks,price_0.005,1878,-339.91249305111813,-879.1958451810403,539.2833521299223,196.15981575387625,871.3463996902456
H1,two_weeks,q_0.5,1878,-443.4467611821057,-879.1958451810403,435.7490839989347,166.34348113949156,697.6562650217783
H1,two_weeks,q_0.75,1878,-448.2149667199149,-879.1958451810403,430.9808784611253,-34.969076748252746,899.6572296827856
H1,two_weeks,q_0.9,1878,-478.2889111821089,-879.1958451810403,400.90693399893155,-128.81791051967204,934.226144832488
H1,two_weeks,selected_atrD,1878,-388.5469784078799,-879.1958451810403,490.6488667731605,198.38954724834517,791.0571645975834
H1,two_weeks,selected_atrH,1878,-477.9103542598503,-879.1958451810403,401.28549092119,129.10950866933953,685.0275625813769
H1,two_weeks,selected_combo,1878,-477.9103542598503,-879.1958451810403,401.28549092119,129.10950866933953,685.0275625813769
H1,two_weeks,selected_fixed,1878,-286.5020116080938,-879.1958451810403,592.6938335729466,214.20203895789842,959.976371532382
H1,two_weeks,selected_price,1878,-339.91249305111813,-879.1958451810403,539.2833521299223,196.15981575387625,871.3463996902456
H1,two_weeks,selected_q,1878,-478.2889111821089,-879.1958451810403,400.90693399893155,-128.81791051967204,934.226144832488
H1,week,atrD_0.025,1953,-877.6227397849447,-967.233948822322,89.61120903737736,6.077437703296356,169.9306440520968
H1,week,atrD_0.05,1953,-821.5515273169472,-967.233948822322,145.6824215053747,52.29144984727582,245.49571532650214
H1,week,atrD_0.1,1953,-632.478320609319,-967.233948822322,334.75562821300326,107.13665574697822,574.1659958400859
H1,week,atrD_0.25,1953,-522.7112226062462,-967.233948822322,444.5227262160758,169.72396118235443,723.4907246492337
H1,week,atrH_0.1,1953,-881.786751254477,-967.233948822322,85.44719756784518,-11.428122965892452,182.8591658344619
H1,week,atrH_0.25,1953,-817.5089875576037,-967.233948822322,149.72496126471836,24.21342511009145,287.4483339169193
H1,week,atrH_0.5,1953,-647.8223309011765,-967.233948822322,319.4116179211454,72.46323831029889,574.5609840775758
H1,week,atrH_1,1953,-614.8067824372755,-967.233948822322,352.4271663850466,92.67036916959415,616.1598088312707
H1,week,combo_0.25_1,1953,-817.5089875576037,-967.233948822322,149.72496126471836,24.21342511009145,287.4483339169193
H1,week,combo_0.5_2,1953,-647.9019628520216,-967.233948822322,319.33198597030054,72.31068984953427,574.4462915349371
H1,week,combo_1_2,1953,-614.8067824372755,-967.233948822322,352.4271663850466,92.67036916959415,616.1598088312707
H1,week,fixed_0,1953,-1116.0206363287216,-967.233948822322,-148.78668750639957,-342.42479032590535,28.043361200123897
H1,week,fixed_0.01,1953,-980.7384499487938,-967.233948822322,-13.504501126471572,-188.93977299559657,167.92441473273482
H1,week,fixed_0.03,1953,-899.8967973374289,-967.233948822322,67.33715148489317,-62.48574237670752,180.9357608789247
H1,week,fixed_0.05,1953,-967.233948822322,-967.233948822322,0.0,0.0,0.0
H1,week,fixed_0.1,1953,-673.9254866103437,-967.233948822322,293.3084622119785,117.92316363688147,470.4766437072728
H1,week,fixed_0.2,1953,-597.9645198924735,-967.233948822322,369.2694289298486,116.87238644293298,638.2484496491095
H1,week,fixed_0.5,1953,-387.57081743471576,-967.233948822322,579.6631313876062,235.0691087225901,919.3865221697791
H1,week,price_0.0005,1953,-926.8026301843296,-967.233948822322,40.431318637992284,3.1715839441208433,79.7813990279627
H1,week,price_0.001,1953,-750.0570441116207,-967.233948822322,217.17690471070134,63.06880906001729,381.7124829371893
H1,week,price_0.002,1953,-692.8889359190972,-967.233948822322,274.3450129032248,58.87653663485789,495.5359459328748
H1,week,price_0.005,1953,-428.6326444700459,-967.233948822322,538.6013043522762,198.97887336326238,861.819342847324
H1,week,q_0.5,1953,-631.382871351765,-967.233948822322,335.8510774705572,83.93982752932124,588.8360234328482
H1,week,q_0.75,1953,-490.11619262672775,-967.233948822322,477.1177561955942,121.00739158474015,856.5835139172018
H1,week,q_0.9,1953,-380.13212660010225,-967.233948822322,587.1018222222199,137.17599396979497,1054.9501905541297
H1,week,selected_atrD,1953,-522.7112226062462,-967.233948822322,444.5227262160758,169.72396118235443,723.4907246492337
H1,week,selected_atrH,1953,-614.8067824372755,-967.233948822322,352.4271663850466,92.67036916959415,616.1598088312707
H1,week,selected_combo,1953,-614.8067824372755,-967.233948822322,352.4271663850466,92.67036916959415,616.1598088312707
H1,week,selected_fixed,1953,-387.57081743471576,-967.233948822322,579.6631313876062,235.0691087225901,919.3865221697791
H1,week,selected_price,1953,-428.6326444700459,-967.233948822322,538.6013043522762,198.97887336326238,861.819342847324
H1,week,selected_q,1953,-380.13212660010225,-967.233948822322,587.1018222222199,137.17599396979497,1054.9501905541297
