tf,horizon,method,n,additional_loss_1c_RUB,additional_loss_equal_risk_RUB
D1,four_weeks,atrD_0.025,1,10.000000000005002,30.000000000014552
D1,four_weeks,atrD_0.05,31,30.149883870967678,17.24863064516185
D1,four_weeks,atrD_0.1,56,73.26424196428641,-29.34079107142417
D1,four_weeks,atrD_0.25,56,248.66409107142763,-27.524875892866508
D1,four_weeks,atrH_0.1,2,10.000000000005002,30.00000000001546
D1,four_weeks,atrH_0.25,41,36.794004878048305,-52.43827682927116
D1,four_weeks,atrH_0.5,55,96.05389090909024,-64.13884636364028
D1,four_weeks,atrH_1,56,247.09342767856938,30.661393749986328
D1,four_weeks,combo_0.25_1,8,78.84397500000127,341.2546625000127
D1,four_weeks,combo_0.5_2,9,161.57274444444357,364.2068388888838
D1,four_weeks,combo_1_2,9,357.1817888888861,506.6301111110867
D1,four_weeks,fixed_0,0,,
D1,four_weeks,fixed_0.01,0,,
D1,four_weeks,fixed_0.03,0,,
D1,four_weeks,fixed_0.05,0,,
D1,four_weeks,fixed_0.1,56,54.425580357141875,-99.43656250001175
D1,four_weeks,fixed_0.2,56,161.67814285714323,155.00209732143458
D1,four_weeks,fixed_0.5,56,475.8879660714286,-207.35284553571162
D1,four_weeks,price_0.0005,1,10.000000000005116,100.00000000005275
D1,four_weeks,price_0.001,56,44.26826249999964,26.02213035714082
D1,four_weeks,price_0.002,56,138.67171964285723,123.98948839285775
D1,four_weeks,price_0.005,56,407.12745535714305,-83.04600982142757
D1,four_weeks,q_0.5,0,,
D1,four_weeks,q_0.75,56,1521.878066071428,-1824.9353500000038
D1,four_weeks,q_0.9,56,2900.1610437500008,-5175.561627678573
D1,four_weeks,selected_atrD,46,113.12803478260923,-91.36860108695437
D1,four_weeks,selected_atrH,46,140.5257499999995,60.318705434780284
D1,four_weeks,selected_combo,9,340.5154111111093,540.795299999985
D1,four_weeks,selected_fixed,16,503.5576781249996,-69.65133124999926
D1,four_weeks,selected_price,46,43.353830434782594,27.267908695652405
D1,four_weeks,selected_q,56,2900.1610437500008,-5175.561627678573
D1,intraday,atrD_0.025,0,,
D1,intraday,atrD_0.05,4,15.000000000004135,-88.37749999992411
D1,intraday,atrD_0.1,9,-16.178177777777833,-1011.2974333333464
D1,intraday,atrD_0.25,9,14.19809444444452,-2205.823155555571
D1,intraday,atrH_0.1,0,,
D1,intraday,atrH_0.25,4,31.37812499999889,5.565125000007356
D1,intraday,atrH_0.5,9,-3.3161722222201826,-1073.3712333333308
D1,intraday,atrH_1,9,79.81382222222108,-1278.0253333333544
D1,intraday,combo_0.25_1,1,55.51250000000226,-72.17149999995672
D1,intraday,combo_0.5_2,1,154.61380000001083,-375.1167999998361
D1,intraday,combo_1_2,1,358.6621499999994,-118.25234999998793
D1,intraday,fixed_0,0,,
D1,intraday,fixed_0.01,0,,
D1,intraday,fixed_0.03,0,,
D1,intraday,fixed_0.05,0,,
D1,intraday,fixed_0.1,9,30.434850000001713,-384.05296666665566
D1,intraday,fixed_0.2,9,-14.912688888887809,-2127.768616666666
D1,intraday,fixed_0.5,9,40.70800555555664,-3484.2156666666615
D1,intraday,price_0.0005,1,10.000000000005116,100.00000000005275
D1,intraday,price_0.001,9,25.328911111111566,-326.31087222222936
D1,intraday,price_0.002,9,50.86575000000303,-1066.7845111110832
D1,intraday,price_0.005,9,38.537983333333266,-3308.6381166666733
D1,intraday,q_0.5,0,,
D1,intraday,q_0.75,0,,
D1,intraday,q_0.9,0,,
D1,intraday,selected_atrD,6,41.20044166666905,-22.908683333308847
D1,intraday,selected_atrH,3,171.95493333333198,30.284433333279594
D1,intraday,selected_combo,1,154.61380000001083,-375.1167999998361
D1,intraday,selected_fixed,3,357.84465000000415,-1101.3801333333413
D1,intraday,selected_price,4,81.57103750000313,-78.33087499997828
D1,intraday,selected_q,0,,
D1,two_weeks,atrD_0.025,2,16.10275000000763,92.71925000004285
D1,two_weeks,atrD_0.05,31,32.04309032258067,13.379703225804874
D1,two_weeks,atrD_0.1,57,61.30547719298245,-66.64491315789546
D1,two_weeks,atrD_0.25,57,227.00586228070037,-224.87559736843494
D1,two_weeks,atrH_0.1,3,10.000000000005002,43.333333333355164
D1,two_weeks,atrH_0.25,43,31.254331395348302,-61.567301162796085
D1,two_weeks,atrH_0.5,56,81.33758839285596,-111.5086750000091
D1,two_weeks,atrH_1,57,212.28264649122553,-143.1623245614205
D1,two_weeks,combo_0.25_1,11,51.398622727275416,49.25154545457008
D1,two_weeks,combo_0.5_2,12,129.9258833333333,229.60649583333634
D1,two_weeks,combo_1_2,12,250.4129041666648,105.0495583333239
D1,two_weeks,fixed_0,0,,
D1,two_weeks,fixed_0.01,0,,
D1,two_weeks,fixed_0.03,0,,
D1,two_weeks,fixed_0.05,0,,
D1,two_weeks,fixed_0.1,57,46.32005087719177,-149.69938508773268
D1,two_weeks,fixed_0.2,57,142.60414210526307,-42.22990175438555
D1,two_weeks,fixed_0.5,57,370.9352017543857,-801.0471175438607
D1,two_weeks,price_0.0005,1,10.000000000005116,100.00000000005275
D1,two_weeks,price_0.001,57,36.52491228070151,-39.104096491230926
D1,two_weeks,price_0.002,57,118.5921236842108,-73.88903070175124
D1,two_weeks,price_0.005,57,326.1938342105258,-643.5867675438636
D1,two_weeks,q_0.5,0,,
D1,two_weeks,q_0.75,57,560.4010508771926,-1775.9342508771988
D1,two_weeks,q_0.9,57,1114.13803245614,-4811.233265789481
D1,two_weeks,selected_atrD,45,110.92813222222212,-167.6824655555599
D1,two_weeks,selected_atrH,18,211.1196999999986,25.997111111105873
D1,two_weeks,selected_combo,12,215.35412916666579,36.67179166666468
D1,two_weeks,selected_fixed,16,328.18570624999893,-1071.9343406250018
D1,two_weeks,selected_price,45,34.16819444444418,-33.2340788888913
D1,two_weeks,selected_q,57,1114.13803245614,-4811.233265789481
D1,week,atrD_0.025,2,26.102750000005813,122.71925000003739
D1,week,atrD_0.05,25,23.113673999999655,-98.15197000000234
D1,week,atrD_0.1,50,47.55489799999938,-113.76057500000798
D1,week,atrD_0.25,50,155.75864199999876,-510.53947700001595
D1,week,atrH_0.1,3,16.666666666670455,63.333333333351526
D1,week,atrH_0.25,37,28.567674324323583,-134.59410270271079
D1,week,atrH_0.5,50,72.04837699999885,-177.76513200001122
D1,week,atrH_1,50,111.31667299999808,-616.2415270000182
D1,week,combo_0.25_1,13,-30.19500384615244,-298.331984615373
D1,week,combo_0.5_2,13,61.65733846153965,-327.3933423076794
D1,week,combo_1_2,13,-129.30924615384708,-1486.6372961538598
D1,week,fixed_0,0,,
D1,week,fixed_0.01,0,,
D1,week,fixed_0.03,0,,
D1,week,fixed_0.05,0,,
D1,week,fixed_0.1,50,43.2583189999988,-146.46001600001298
D1,week,fixed_0.2,50,127.18567699999954,-145.3228690000041
D1,week,fixed_0.5,50,288.42707500000034,-1172.058133000003
D1,week,price_0.0005,3,10.000000000000341,60.000000000016676
D1,week,price_0.001,50,16.91812999999989,-167.33208600000472
D1,week,price_0.002,50,103.92042400000086,-125.61667899999438
D1,week,price_0.005,50,256.94853899999987,-1009.7181640000068
D1,week,q_0.5,0,,
D1,week,q_0.75,50,171.54492499999927,-671.7724700000099
D1,week,q_0.9,50,367.3277430000007,-4106.348902000007
D1,week,selected_atrD,18,59.433388888888466,-636.2999777777867
D1,week,selected_atrH,19,-5.313597368422255,-907.6050026315911
D1,week,selected_combo,13,-153.92406153846196,-1388.6716653846229
D1,week,selected_fixed,18,220.90777777777802,-1090.169308333335
D1,week,selected_price,20,100.6987750000009,-524.6287899999962
D1,week,selected_q,30,347.25128333333436,-4334.629065000006
H1,four_weeks,atrD_0.025,11,13.636363636365445,-93.55851818177507
H1,four_weeks,atrD_0.05,185,23.449083243242942,-3.5265229729730545
H1,four_weeks,atrD_0.1,331,77.29114924471317,56.47180030211643
H1,four_weeks,atrD_0.25,331,261.12223066465276,39.13700000000379
H1,four_weeks,atrH_0.1,19,19.035986842107977,69.81242105267752
H1,four_weeks,atrH_0.25,269,33.50726505576229,-36.1735927509262
H1,four_weeks,atrH_0.5,331,104.9816478851963,-0.7802185800678878
H1,four_weeks,atrH_1,331,261.17863111782486,37.30914546827832
H1,four_weeks,combo_0.25_1,269,33.50726505576229,-36.1735927509262
H1,four_weeks,combo_0.5_2,330,105.20276833333325,1.5554046969626805
H1,four_weeks,combo_1_2,330,261.5991536363637,38.90771924242483
H1,four_weeks,fixed_0,0,,
H1,four_weeks,fixed_0.01,0,,
H1,four_weeks,fixed_0.03,0,,
H1,four_weeks,fixed_0.05,0,,
H1,four_weeks,fixed_0.1,331,51.27688368580071,-3.2026258308156352
H1,four_weeks,fixed_0.2,331,161.1089995468281,68.41671117825098
H1,four_weeks,fixed_0.5,331,475.50115725075545,-13.492237915405914
H1,four_weeks,price_0.0005,11,9.767586363636326,94.10998181814648
H1,four_weeks,price_0.001,331,40.442533534743454,-18.58060105739739
H1,four_weeks,price_0.002,331,131.51402779456194,16.539184743199762
H1,four_weeks,price_0.005,331,398.9088140483383,8.515981570995722
H1,four_weeks,q_0.5,331,210.29491903323307,26.132730664656947
H1,four_weeks,q_0.75,331,2008.3810048338369,-1023.0797660120857
H1,four_weeks,q_0.9,331,3609.9335879154078,-3880.8057691842905
H1,four_weeks,selected_atrD,331,261.12223066465276,39.13700000000379
H1,four_weeks,selected_atrH,331,261.17863111782486,37.30914546827832
H1,four_weeks,selected_combo,330,261.5991536363637,38.90771924242483
H1,four_weeks,selected_fixed,331,475.50115725075545,-13.492237915405914
H1,four_weeks,selected_price,331,398.9088140483383,8.515981570995722
H1,four_weeks,selected_q,331,3609.9335879154078,-3880.8057691842905
H1,intraday,atrD_0.025,1,9.999999999990905,-178.20875000021806
H1,intraday,atrD_0.05,29,23.601774137933557,-38.25064482749923
H1,intraday,atrD_0.1,49,36.070621428571464,-646.3302112244927
H1,intraday,atrD_0.25,49,110.87104795918216,-1905.771678571462
H1,intraday,atrH_0.1,2,9.99999999999801,-279.5627000000659
H1,intraday,atrH_0.25,34,-0.5514132352935586,-469.02436911762624
H1,intraday,atrH_0.5,49,41.506742857142406,-781.5569275510411
H1,intraday,atrH_1,49,96.12049897959096,-1607.9795193877817
H1,intraday,combo_0.25_1,34,-0.5514132352935586,-469.02436911762624
H1,intraday,combo_0.5_2,49,41.506742857142406,-781.5569275510411
H1,intraday,combo_1_2,49,96.12049897959096,-1607.9795193877817
H1,intraday,fixed_0,0,,
H1,intraday,fixed_0.01,0,,
H1,intraday,fixed_0.03,0,,
H1,intraday,fixed_0.05,0,,
H1,intraday,fixed_0.1,49,36.29732244897886,-382.15175714287346
H1,intraday,fixed_0.2,49,96.46413673469377,-1058.7370836734783
H1,intraday,fixed_0.5,49,100.63053367346849,-4334.502332653089
H1,intraday,price_0.0005,0,,
H1,intraday,price_0.001,49,25.86515408163229,-399.3145969387936
H1,intraday,price_0.002,49,78.12298061224324,-897.640130612288
H1,intraday,price_0.005,49,112.25020612244825,-3571.6799255102287
H1,intraday,q_0.5,0,,
H1,intraday,q_0.75,49,41.36943673469333,-768.9420846939025
H1,intraday,q_0.9,49,113.9197224489789,-2745.2470897959406
H1,intraday,selected_atrD,40,126.83539624999852,-1439.6866637500327
H1,intraday,selected_atrH,45,94.31959111111112,-1188.167324444459
H1,intraday,selected_combo,49,91.32389693877559,-1236.169262244913
H1,intraday,selected_fixed,49,100.63053367346849,-4334.502332653089
H1,intraday,selected_price,49,112.25020612244825,-3571.6799255102287
H1,intraday,selected_q,49,113.9197224489789,-2745.2470897959406
H1,two_weeks,atrD_0.025,17,14.11764705882656,-54.7614235293627
H1,two_weeks,atrD_0.05,238,25.24666638655419,-6.141910084038571
H1,two_weeks,atrD_0.1,449,71.79802293986663,23.4279222717168
H1,two_weeks,atrD_0.25,449,246.84849287305124,-70.39374743875317
H1,two_weeks,atrH_0.1,29,18.333922413794415,17.353991379341817
H1,two_weeks,atrH_0.25,358,34.39108114525151,-21.931974860335895
H1,two_weeks,atrH_0.5,449,103.38561714922035,4.649395211573404
H1,two_weeks,atrH_1,449,252.59087917594658,-41.931852115816156
H1,two_weeks,combo_0.25_1,358,34.39108114525151,-21.931974860335895
H1,two_weeks,combo_0.5_2,448,103.54493348214272,6.381951674099584
H1,two_weeks,combo_1_2,448,252.8814699776786,-40.93120848214593
H1,two_weeks,fixed_0,0,,
H1,two_weeks,fixed_0.01,0,,
H1,two_weeks,fixed_0.03,0,,
H1,two_weeks,fixed_0.05,0,,
H1,two_weeks,fixed_0.1,449,51.44765679287317,-4.937696436524944
H1,two_weeks,fixed_0.2,449,157.43429699331844,9.53531247215736
H1,two_weeks,fixed_0.5,449,457.41360256124733,-201.13331202672677
H1,two_weeks,price_0.0005,16,9.840215625000678,83.73284999997946
H1,two_weeks,price_0.001,449,40.44837093541206,-17.862446102448438
H1,two_weeks,price_0.002,449,128.57124677060133,-13.125162249446879
H1,two_weeks,price_0.005,449,387.19362305122473,-129.05231692650705
H1,two_weeks,q_0.5,449,188.06688307349626,0.631132516693761
H1,two_weeks,q_0.75,449,1285.5145261692649,-1427.092990423166
H1,two_weeks,q_0.9,449,1937.5317920935413,-4221.108987082408
H1,two_weeks,selected_atrD,449,246.84849287305124,-70.39374743875317
H1,two_weeks,selected_atrH,449,252.59087917594658,-41.931852115816156
H1,two_weeks,selected_combo,448,252.8814699776786,-40.93120848214593
H1,two_weeks,selected_fixed,449,457.41360256124733,-201.13331202672677
H1,two_weeks,selected_price,449,387.19362305122473,-129.05231692650705
H1,two_weeks,selected_q,449,1937.5317920935413,-4221.108987082408
H1,week,atrD_0.025,24,21.386816666669436,-55.047066666626506
H1,week,atrD_0.05,284,24.077269542253422,-39.73621179577052
H1,week,atrD_0.1,540,69.64417333333341,3.1582863888874573
H1,week,atrD_0.25,540,243.6452883333331,-105.51363074074605
H1,week,atrH_0.1,39,18.751203846154887,-14.301383333307967
H1,week,atrH_0.25,430,35.80532081395346,-21.648216860468136
H1,week,atrH_0.5,540,103.7398498148147,-4.6553951851906685
H1,week,atrH_1,540,244.2406970370369,-109.74368953704327
H1,week,combo_0.25_1,430,35.80532081395346,-21.648216860468136
H1,week,combo_0.5_2,539,103.8729257884971,-3.232611317259379
H1,week,combo_1_2,539,244.46673506493494,-109.0377961966666
H1,week,fixed_0,0,,
H1,week,fixed_0.01,0,,
H1,week,fixed_0.03,0,,
H1,week,fixed_0.05,0,,
H1,week,fixed_0.1,540,50.22386861111124,-22.343407037035877
H1,week,fixed_0.2,540,154.94086009259235,-6.5218559259323365
H1,week,fixed_0.5,540,429.30727888888873,-423.0330222222258
H1,week,price_0.0005,26,9.901671153846362,70.34361538459584
H1,week,price_0.001,540,39.204411851851745,-35.19055296296597
H1,week,price_0.002,540,127.15427379629615,-11.5593007407474
H1,week,price_0.005,540,371.63723240740717,-246.99156898148578
H1,week,q_0.5,540,155.83716231481438,-4.369828611121125
H1,week,q_0.75,540,807.7129341666662,-1578.5404846296353
H1,week,q_0.9,540,1185.0180883333328,-4403.03656231482
H1,week,selected_atrD,540,243.6452883333331,-105.51363074074605
H1,week,selected_atrH,540,244.2406970370369,-109.74368953704327
H1,week,selected_combo,539,244.46673506493494,-109.0377961966666
H1,week,selected_fixed,540,429.30727888888873,-423.0330222222258
H1,week,selected_price,540,371.63723240740717,-246.99156898148578
H1,week,selected_q,540,1185.0180883333328,-4403.03656231482
