tf,horizon,method,scenario,n,mean_RUB,one_contract_RUB
D1,four_weeks,atrD_0.025,low,153,2219.582576470572,280.75574084967224
D1,four_weeks,atrD_0.025,base,153,1898.254580065344,252.75574084967224
D1,four_weeks,atrD_0.025,stress,153,654.404390849662,112.68657973856114
D1,four_weeks,atrD_0.025,adverse_funding,153,-522.0726563407926,-163.89181384350135
D1,four_weeks,atrD_0.05,low,153,2040.5574019607727,265.35798856209044
D1,four_weeks,atrD_0.05,base,153,1838.4569075163279,237.35798856209053
D1,four_weeks,atrD_0.05,stress,153,513.7361908496639,97.34238235294018
D1,four_weeks,atrD_0.05,adverse_funding,153,-538.0247872912245,-180.9157776643075
D1,four_weeks,atrD_0.1,low,153,2156.619991503255,286.1618147058811
D1,four_weeks,atrD_0.1,base,153,1833.586813071883,258.1618147058811
D1,four_weeks,atrD_0.1,stress,153,599.1473509803825,118.25572091503149
D1,four_weeks,atrD_0.1,adverse_funding,153,-524.098446437013,-170.58676939905718
D1,four_weeks,atrD_0.25,low,153,1303.3308718954179,220.7995640522869
D1,four_weeks,atrD_0.25,base,153,1061.971048039209,192.7995640522869
D1,four_weeks,atrD_0.25,stress,153,229.66659738561597,52.75971633986859
D1,four_weeks,atrD_0.25,adverse_funding,153,-1100.9949901098469,-248.18658053286197
D1,four_weeks,atrH_0.1,low,153,2245.6155607842984,281.8945019607834
D1,four_weeks,atrH_0.1,base,153,1873.617088562077,253.89450196078337
D1,four_weeks,atrH_0.1,stress,153,654.9416732026039,113.85299084967232
D1,four_weeks,atrH_0.1,adverse_funding,153,-564.6469115287003,-162.73916894971038
D1,four_weeks,atrH_0.25,low,153,1979.022632026131,260.9387300653585
D1,four_weeks,atrH_0.25,base,153,1768.603260784302,232.93873006535856
D1,four_weeks,atrH_0.25,stress,153,497.37408758169005,92.98981307189453
D1,four_weeks,atrH_0.25,adverse_funding,153,-581.2073583151902,-186.05418001997188
D1,four_weeks,atrH_0.5,low,153,2104.945967647048,277.71251241829987
D1,four_weeks,atrH_0.5,base,153,1701.2795905228652,249.7125124182999
D1,four_weeks,atrH_0.5,stress,153,522.1059183006458,110.0397307189535
D1,four_weeks,atrH_0.5,adverse_funding,153,-621.9767996142082,-179.65973817175094
D1,four_weeks,atrH_1,low,153,1357.9922751633928,213.0054686274507
D1,four_weeks,atrH_1,base,153,1130.7819441176412,185.0054686274507
D1,four_weeks,atrH_1,stress,153,232.70319477123772,44.851394771241544
D1,four_weeks,atrH_1,adverse_funding,153,-1070.4806165895125,-257.23864039578825
D1,four_weeks,combo_0.25_1,low,41,5835.002471951193,852.1827329268274
D1,four_weeks,combo_0.25_1,base,41,5503.573242682902,824.1827329268275
D1,four_weeks,combo_0.25_1,stress,41,4046.8205317072966,720.7415634146323
D1,four_weeks,combo_0.25_1,adverse_funding,41,3329.049622679514,427.54593245257274
D1,four_weeks,combo_0.5_2,low,41,5021.421593902422,817.9287853658525
D1,four_weeks,combo_0.5_2,base,41,4682.093098780471,789.9287853658524
D1,four_weeks,combo_0.5_2,stress,41,3647.526324390231,687.0736682926818
D1,four_weeks,combo_0.5_2,adverse_funding,41,2623.833532808249,389.5571271680205
D1,four_weeks,combo_1_2,low,41,4653.556393902433,771.2992073170727
D1,four_weeks,combo_1_2,base,41,4221.122223170725,743.2992073170727
D1,four_weeks,combo_1_2,stress,41,3291.1281365853615,639.8374390243898
D1,four_weeks,combo_1_2,adverse_funding,41,2258.4258317411864,327.3468008976961
D1,four_weeks,fixed_0,low,153,2278.2466052287414,269.67304934640407
D1,four_weeks,fixed_0,base,153,1932.0530725490037,241.67304934640404
D1,four_weeks,fixed_0,stress,153,589.3390862744977,102.01858235294003
D1,four_weeks,fixed_0,adverse_funding,153,-505.5390815904301,-169.4154225354042
D1,four_weeks,fixed_0.01,low,153,2183.1240467320135,264.1672032679729
D1,four_weeks,fixed_0.01,base,153,1876.1187379084847,236.16720326797287
D1,four_weeks,fixed_0.01,stress,153,594.0685777777684,96.36349150326703
D1,four_weeks,fixed_0.01,adverse_funding,153,-568.6595712554589,-176.46283542574534
D1,four_weeks,fixed_0.03,low,153,2245.2916009803744,282.2997571895413
D1,four_weeks,fixed_0.03,base,153,1895.5109790849506,254.29975718954134
D1,four_weeks,fixed_0.03,stress,153,691.7396999999872,114.27134444444333
D1,four_weeks,fixed_0.03,adverse_funding,153,-547.1872329475482,-162.3372248139082
D1,four_weeks,fixed_0.05,low,153,2119.756448692792,272.57271143790734
D1,four_weeks,fixed_0.05,base,153,1838.5071895424667,244.5727114379074
D1,four_weeks,fixed_0.05,stress,153,557.272957516328,104.52731830065251
D1,four_weeks,fixed_0.05,adverse_funding,153,-584.945364923764,-175.68055528776438
D1,four_weeks,fixed_0.1,low,153,1789.9309356209023,247.0840947712409
D1,four_weeks,fixed_0.1,base,153,1525.3686545751518,219.0840947712409
D1,four_weeks,fixed_0.1,stress,153,358.91053594770335,79.52609803921474
D1,four_weeks,fixed_0.1,adverse_funding,153,-798.9712153867218,-204.2832229938281
D1,four_weeks,fixed_0.2,low,153,1629.313902287569,249.89638856209035
D1,four_weeks,fixed_0.2,base,153,1342.2618588235168,221.89638856209035
D1,four_weeks,fixed_0.2,stress,153,266.4834058823432,81.94728692810344
D1,four_weeks,fixed_0.2,adverse_funding,153,-901.4935520561129,-211.50562918482325
D1,four_weeks,fixed_0.5,low,153,871.4075320261345,157.67724019607735
D1,four_weeks,fixed_0.5,base,153,654.2228274509715,129.67724019607732
D1,four_weeks,fixed_0.5,stress,153,-82.54322614379805,-11.065127450981475
D1,four_weeks,fixed_0.5,adverse_funding,153,-1425.584461378912,-348.1242351579532
D1,four_weeks,price_0.0005,low,153,2140.063422549002,273.81193888888754
D1,four_weeks,price_0.0005,base,153,1851.9011483659963,245.8119388888876
D1,four_weeks,price_0.0005,stress,153,567.8913228758051,105.7639431372536
D1,four_weeks,price_0.0005,adverse_funding,153,-573.8748642520135,-174.4317559640536
D1,four_weeks,price_0.001,low,153,2076.8661764705753,290.5742431372539
D1,four_weeks,price_0.001,base,153,1713.9781637254785,262.5742431372539
D1,four_weeks,price_0.001,stress,153,545.983051633978,123.02260392156768
D1,four_weeks,price_0.001,adverse_funding,153,-657.2503891748487,-165.13413365559293
D1,four_weeks,price_0.002,low,153,1681.2931424836436,256.60753267973723
D1,four_weeks,price_0.002,base,153,1339.8926777777617,228.60753267973723
D1,four_weeks,price_0.002,stress,153,386.90886209149073,89.10264705882219
D1,four_weeks,price_0.002,adverse_funding,153,-918.1352300381421,-203.58059220679152
D1,four_weeks,price_0.005,low,153,872.8129928104472,160.20959836601185
D1,four_weeks,price_0.005,base,153,627.6606026143695,132.20959836601185
D1,four_weeks,price_0.005,stress,153,-64.95713071896247,-7.486620261439111
D1,four_weeks,price_0.005,adverse_funding,153,-1479.0511807008086,-333.0710782634362
D1,four_weeks,q_0.5,low,153,2175.818649019591,266.2182052287573
D1,four_weeks,q_0.5,base,153,1867.8744212418148,238.2182052287573
D1,four_weeks,q_0.5,stress,153,541.8288254901851,98.57294640522794
D1,four_weeks,q_0.5,adverse_funding,153,-556.3707246822958,-173.0182284813008
D1,four_weeks,q_0.75,low,153,25.071111764702756,-5.682958823530326
D1,four_weeks,q_0.75,base,153,-84.46443627451303,-33.68295882353031
D1,four_weeks,q_0.75,stress,153,-474.88889346405506,-180.33036209150418
D1,four_weeks,q_0.75,adverse_funding,153,-1619.993157452799,-677.5540360067183
D1,four_weeks,q_0.9,low,153,-580.7459196078447,-485.12136895424965
D1,four_weeks,q_0.9,base,153,-629.3780111111126,-513.1213689542496
D1,four_weeks,q_0.9,stress,153,-762.1675647058836,-667.2496660130731
D1,four_weeks,q_0.9,adverse_funding,153,-1281.4623231345329,-1266.633490981301
D1,four_weeks,selected_atrD,low,153,1632.270523202602,235.66886307189432
D1,four_weeks,selected_atrD,base,153,1286.588740849662,207.66886307189432
D1,four_weeks,selected_atrD,stress,153,277.15630326796486,68.02615751633878
D1,four_weeks,selected_atrD,adverse_funding,153,-952.6035485475785,-219.36217303467794
D1,four_weeks,selected_atrH,low,153,1654.7802176470464,228.36577418300575
D1,four_weeks,selected_atrH,base,153,1271.0732434640404,200.36577418300575
D1,four_weeks,selected_atrH,stress,153,233.2408993463968,60.535731372548256
D1,four_weeks,selected_atrH,adverse_funding,153,-998.8423916349062,-229.68498380537486
D1,four_weeks,selected_combo,low,41,4800.141452439007,765.9135731707306
D1,four_weeks,selected_combo,base,41,4406.591410975593,737.9135731707306
D1,four_weeks,selected_combo,stress,41,3245.650331707305,634.4320243902429
D1,four_weeks,selected_combo,adverse_funding,41,2393.8759536585194,322.1233686483729
D1,four_weeks,selected_fixed,low,153,1368.0960202614237,206.00875947712316
D1,four_weeks,selected_fixed,base,153,1055.3694316993333,178.00875947712322
D1,four_weeks,selected_fixed,stress,153,87.95150653593804,37.822747712417325
D1,four_weeks,selected_fixed,adverse_funding,153,-1214.7921966140289,-269.12172708787324
D1,four_weeks,selected_price,low,153,1915.4474568627322,255.99172581699247
D1,four_weeks,selected_price,base,153,1550.0530179738441,227.99172581699247
D1,four_weeks,selected_price,stress,153,427.2058385620825,88.3871117647049
D1,four_weeks,selected_price,adverse_funding,153,-809.0721754947468,-195.29751801016806
D1,four_weeks,selected_q,low,153,-580.7459196078447,-485.12136895424965
D1,four_weeks,selected_q,base,153,-629.3780111111126,-513.1213689542496
D1,four_weeks,selected_q,stress,153,-762.1675647058836,-667.2496660130731
D1,four_weeks,selected_q,adverse_funding,153,-1281.4623231345329,-1266.633490981301
D1,intraday,atrD_0.025,low,183,-78.20449289618229,17.302999726775482
D1,intraday,atrD_0.025,base,183,-345.4714494535589,-10.697000273224516
D1,intraday,atrD_0.025,stress,183,-1176.8260010929012,-138.65083114754145
D1,intraday,atrD_0.025,adverse_funding,183,-434.05223051381984,-20.860401153613093
D1,intraday,atrD_0.05,low,183,-123.96937923497606,15.820407923496902
D1,intraday,atrD_0.05,base,183,-338.6611751366155,-12.179592076503102
D1,intraday,atrD_0.05,stress,183,-1143.3235092896205,-140.14060491803315
D1,intraday,atrD_0.05,adverse_funding,183,-424.00875738843695,-22.346487947784215
D1,intraday,atrD_0.1,low,183,-86.69333688525025,16.08465737704879
D1,intraday,atrD_0.1,base,183,-321.94883907104224,-11.91534262295121
D1,intraday,atrD_0.1,stress,183,-1077.6341038251396,-139.72139562841568
D1,intraday,atrD_0.1,adverse_funding,183,-404.1626095628455,-22.185900455373798
D1,intraday,atrD_0.25,low,183,-3.876336338799481,18.895878142076192
D1,intraday,atrD_0.25,base,183,-202.35038497267917,-9.104121857923817
D1,intraday,atrD_0.25,stress,183,-939.7248759562854,-136.83119453551942
D1,intraday,atrD_0.25,adverse_funding,183,-275.19749240285523,-19.553975474347606
D1,intraday,atrH_0.1,low,183,-69.76006502733067,17.41859972677546
D1,intraday,atrH_0.1,base,183,-328.2749103825213,-10.581400273224535
D1,intraday,atrH_0.1,stress,183,-1161.3811387978196,-138.5289207650278
D1,intraday,atrH_0.1,adverse_funding,183,-417.16162476852605,-20.73888357619964
D1,intraday,atrH_0.25,low,183,-106.52322568306369,15.353126502731929
D1,intraday,atrH_0.25,base,183,-328.19937841530407,-12.646873497268077
D1,intraday,atrH_0.25,stress,183,-1139.2850131147566,-140.58336448087462
D1,intraday,atrH_0.25,adverse_funding,183,-412.8677036847334,-22.81547322404402
D1,intraday,atrH_0.5,low,183,-67.21959836066037,15.235827049179877
D1,intraday,atrH_0.5,base,183,-314.22555546448524,-12.764172950820123
D1,intraday,atrH_0.5,stress,183,-1068.9558502732275,-140.54473934426272
D1,intraday,atrH_0.5,adverse_funding,183,-395.74349603825584,-23.04019393594459
D1,intraday,atrH_1,low,183,-74.05210300546598,12.927563661201932
D1,intraday,atrH_1,base,183,-265.6383467213131,-15.07243633879807
D1,intraday,atrH_1,stress,183,-973.0676765027335,-142.81153934426254
D1,intraday,atrH_1,adverse_funding,183,-339.91068202793133,-25.44509031193103
D1,intraday,combo_0.25_1,low,56,549.5049374999911,89.58248392857072
D1,intraday,combo_0.25_1,base,56,299.9207901785633,61.58248392857074
D1,intraday,combo_0.25_1,stress,56,-341.51196607143464,-37.83503214285782
D1,intraday,combo_0.25_1,adverse_funding,56,220.87262053570637,50.84293717757864
D1,intraday,combo_0.5_2,low,56,482.48798482142166,85.51243749999922
D1,intraday,combo_0.5_2,base,56,274.01125178570754,57.51243749999923
D1,intraday,combo_0.5_2,stress,56,-339.6605750000055,-41.8679821428579
D1,intraday,combo_0.5_2,adverse_funding,56,199.55782916666016,46.70145721726111
D1,intraday,combo_1_2,low,56,625.8319089285673,89.73944642857082
D1,intraday,combo_1_2,base,56,422.26224642856727,61.73944642857083
D1,intraday,combo_1_2,stress,56,-186.80592678571773,-37.699678571429146
D1,intraday,combo_1_2,adverse_funding,56,352.9058612599165,50.817263268848585
D1,intraday,fixed_0,low,183,-48.08420737705183,17.332475409835673
D1,intraday,fixed_0,base,183,-320.7300765027351,-10.667524590164325
D1,intraday,fixed_0,stress,183,-1203.713547540986,-138.59187978142114
D1,intraday,fixed_0,adverse_funding,183,-412.3812467175197,-20.804803828931774
D1,intraday,fixed_0.01,low,183,-41.4829303278717,18.492390983606242
D1,intraday,fixed_0.01,base,183,-316.2037404371613,-9.507609016393761
D1,intraday,fixed_0.01,stress,183,-1177.6252710382537,-137.47423442622983
D1,intraday,fixed_0.01,adverse_funding,183,-407.03849681238887,-19.66413964025533
D1,intraday,fixed_0.03,low,183,-68.81720163934901,17.19371010928917
D1,intraday,fixed_0.03,base,183,-332.57575765027786,-10.806289890710834
D1,intraday,fixed_0.03,stress,183,-1168.4974431694025,-138.76012076502775
D1,intraday,fixed_0.03,adverse_funding,183,-421.3580753111764,-20.96969077109941
D1,intraday,fixed_0.05,low,183,-93.11142786885964,15.875052732240016
D1,intraday,fixed_0.05,base,183,-345.9212800546515,-12.124947267759985
D1,intraday,fixed_0.05,stress,183,-1145.6091174863434,-140.08596010929006
D1,intraday,fixed_0.05,adverse_funding,183,-431.86397918564717,-22.291843139041095
D1,intraday,fixed_0.1,low,183,-118.58645245902217,13.685230327868396
D1,intraday,fixed_0.1,base,183,-336.01769180328387,-14.314769672131606
D1,intraday,fixed_0.1,stress,183,-1098.0963224043758,-142.11587814207692
D1,intraday,fixed_0.1,adverse_funding,183,-418.24270204918554,-24.55992601700106
D1,intraday,fixed_0.2,low,183,38.74031857923177,20.436845628414915
D1,intraday,fixed_0.2,base,183,-166.03852732240728,-7.5631543715850835
D1,intraday,fixed_0.2,stress,183,-910.3169475409859,-135.27931420765066
D1,intraday,fixed_0.2,adverse_funding,183,-243.71418277550382,-18.022223607316718
D1,intraday,fixed_0.5,low,183,9.602237978139609,16.06205737704881
D1,intraday,fixed_0.5,base,183,-158.33472103825375,-11.93794262295119
D1,intraday,fixed_0.5,stress,183,-770.8473174863408,-139.65730601092932
D1,intraday,fixed_0.5,adverse_funding,183,-218.08078082498722,-22.526306409381057
D1,intraday,price_0.0005,low,183,-91.67500655738287,16.03898715846953
D1,intraday,price_0.0005,base,183,-345.95227978142617,-11.961012841530472
D1,intraday,price_0.0005,stress,183,-1150.4332109289653,-139.9220256830605
D1,intraday,price_0.0005,adverse_funding,183,-432.2158625265689,-22.127908712811582
D1,intraday,price_0.001,low,183,-112.55706857923815,14.18265628415264
D1,intraday,price_0.001,base,183,-337.93242622951107,-13.81734371584736
D1,intraday,price_0.001,stress,183,-1106.3198404371608,-141.61282950819708
D1,intraday,price_0.001,adverse_funding,183,-421.21208384563135,-24.05942078779635
D1,intraday,price_0.002,low,183,-123.52288661202716,11.560196448086941
D1,intraday,price_0.002,base,183,-343.9301106557426,-16.439803551913055
D1,intraday,price_0.002,stress,183,-1044.2300480874358,-144.18015355191304
D1,intraday,price_0.002,adverse_funding,183,-421.4762982316383,-26.792502398300424
D1,intraday,price_0.005,low,183,9.555315846992254,16.442003825136283
D1,intraday,price_0.005,base,183,-149.67709453552098,-11.55799617486372
D1,intraday,price_0.005,stress,183,-800.9952278688544,-139.27992677595662
D1,intraday,price_0.005,adverse_funding,183,-212.38005199605536,-22.116313854736212
D1,intraday,q_0.5,low,183,-48.08420737705183,17.332475409835673
D1,intraday,q_0.5,base,183,-320.7300765027351,-10.667524590164325
D1,intraday,q_0.5,stress,183,-1203.713547540986,-138.59187978142114
D1,intraday,q_0.5,adverse_funding,183,-412.3812467175197,-20.804803828931774
D1,intraday,q_0.75,low,183,-48.08420737705183,17.332475409835673
D1,intraday,q_0.75,base,183,-320.7300765027351,-10.667524590164325
D1,intraday,q_0.75,stress,183,-1203.713547540986,-138.59187978142114
D1,intraday,q_0.75,adverse_funding,183,-412.3812467175197,-20.804803828931774
D1,intraday,q_0.9,low,183,-48.08420737705183,17.332475409835673
D1,intraday,q_0.9,base,183,-320.7300765027351,-10.667524590164325
D1,intraday,q_0.9,stress,183,-1203.713547540986,-138.59187978142114
D1,intraday,q_0.9,adverse_funding,183,-412.3812467175197,-20.804803828931774
D1,intraday,selected_atrD,low,183,-128.571141256835,13.649901639343867
D1,intraday,selected_atrD,base,183,-350.32171803279124,-14.350098360656139
D1,intraday,selected_atrD,stress,183,-1132.3084136612053,-142.29582513661242
D1,intraday,selected_atrD,adverse_funding,183,-432.79484436096357,-24.537429777626382
D1,intraday,selected_atrH,low,183,-125.71618169399628,13.069611748633402
D1,intraday,selected_atrH,base,183,-358.4483180327937,-14.930388251366592
D1,intraday,selected_atrH,stress,183,-1124.8899655737753,-142.85531202185842
D1,intraday,selected_atrH,adverse_funding,183,-440.7991221463334,-25.134716860200832
D1,intraday,selected_combo,low,56,451.7747348214207,83.369580357142
D1,intraday,selected_combo,base,56,261.3019571428496,55.369580357142006
D1,intraday,selected_combo,stress,56,-345.670396428578,-44.01083928571511
D1,intraday,selected_combo,adverse_funding,56,187.06081502975434,44.558600074403884
D1,intraday,selected_fixed,low,183,-104.91501803279088,9.292751912567926
D1,intraday,selected_fixed,base,183,-342.06151202186174,-18.707248087432077
D1,intraday,selected_fixed,stress,183,-1109.9778355191286,-146.63853989071077
D1,intraday,selected_fixed,adverse_funding,183,-420.0357527815763,-28.99127662416553
D1,intraday,selected_price,low,183,-116.88829262295631,13.60027595628372
D1,intraday,selected_price,base,183,-364.033518032792,-14.399724043716278
D1,intraday,selected_price,stress,183,-1128.3412251366158,-142.3404316939895
D1,intraday,selected_price,adverse_funding,183,-447.6844154030106,-24.60483959471809
D1,intraday,selected_q,low,183,-48.08420737705183,17.332475409835673
D1,intraday,selected_q,base,183,-320.7300765027351,-10.667524590164325
D1,intraday,selected_q,stress,183,-1203.713547540986,-138.59187978142114
D1,intraday,selected_q,adverse_funding,183,-412.3812467175197,-20.804803828931774
D1,two_weeks,atrD_0.025,low,165,1337.9349699999825,125.41385424242334
D1,two_weeks,atrD_0.025,base,165,1028.811899393923,97.41385424242334
D1,two_weeks,atrD_0.025,stress,165,-131.92861515152728,-47.22938242424329
D1,two_weeks,atrD_0.025,adverse_funding,165,-782.0080157996799,-191.72791196128034
D1,two_weeks,atrD_0.05,low,165,1179.7109703030162,111.80325636363524
D1,two_weeks,atrD_0.05,base,165,966.5112063636227,83.80325636363526
D1,two_weeks,atrD_0.05,stress,165,-251.17635818182907,-60.7896690909102
D1,two_weeks,atrD_0.05,adverse_funding,165,-812.5754303156704,-206.8413773695297
D1,two_weeks,atrD_0.1,low,165,1282.6688845454405,128.9354212121201
D1,two_weeks,atrD_0.1,base,165,954.5141560605928,100.93542121212013
D1,two_weeks,atrD_0.1,stress,165,-126.50413030304088,-44.21533939394049
D1,two_weeks,atrD_0.1,adverse_funding,165,-818.1186482323366,-198.04178406986642
D1,two_weeks,atrD_0.25,low,165,655.7676333333253,75.6262718181812
D1,two_weeks,atrD_0.25,base,165,413.93752666665927,47.626271818181195
D1,two_weeks,atrD_0.25,stress,165,-437.8805200000061,-98.14333515151576
D1,two_weeks,atrD_0.25,adverse_funding,165,-1214.4580339394015,-261.3915586742431
D1,two_weeks,atrH_0.1,low,165,1351.8460245454369,126.34857969696876
D1,two_weeks,atrH_0.1,base,165,1033.0197715151348,98.34857969696876
D1,two_weeks,atrH_0.1,stress,165,-143.92864121213353,-46.26902242424336
D1,two_weeks,atrH_0.1,adverse_funding,165,-788.7547270118015,-190.77948154040502
D1,two_weeks,atrH_0.25,low,165,1153.0561812121089,108.82161818181731
D1,two_weeks,atrH_0.25,base,165,934.5513199999882,80.82161818181734
D1,two_weeks,atrH_0.25,stress,165,-255.49434545455443,-63.92658181818267
D1,two_weeks,atrH_0.25,adverse_funding,165,-826.6905065993383,-210.4712876473073
D1,two_weeks,atrH_0.5,low,165,1238.0734921212015,121.09632606060552
D1,two_weeks,atrH_0.5,base,165,845.8480933333237,93.09632606060552
D1,two_weeks,atrH_0.5,stress,165,-211.82950060606817,-51.92952969697023
D1,two_weeks,atrH_0.5,adverse_funding,165,-912.838432340077,-207.1734067887211
D1,two_weeks,atrH_1,low,165,651.421387878782,69.67946939393926
D1,two_weeks,atrH_1,base,165,471.4376318181753,41.67946939393926
D1,two_weeks,atrH_1,stress,165,-439.11588060606505,-104.3082127272729
D1,two_weeks,atrH_1,adverse_funding,165,-1194.2328277777845,-269.2783278493268
D1,two_weeks,combo_0.25_1,low,46,4210.085728260843,587.4845945652154
D1,two_weeks,combo_0.25_1,base,46,3827.5382858695407,559.4845945652154
D1,two_weeks,combo_0.25_1,stress,46,2558.260769565196,455.4083195652155
D1,two_weeks,combo_0.25_1,adverse_funding,46,2065.531153094781,258.2474742451672
D1,two_weeks,combo_0.5_2,low,46,3475.3132347825917,556.9742804347812
D1,two_weeks,combo_0.5_2,base,46,3136.3730999999825,528.9742804347812
D1,two_weeks,combo_0.5_2,stress,46,2299.789352173898,425.4407347826073
D1,two_weeks,combo_0.5_2,adverse_funding,46,1460.1994620923738,224.6735127717378
D1,two_weeks,combo_1_2,low,46,3249.4565326086854,523.3742402173905
D1,two_weeks,combo_1_2,base,46,2891.148583695642,495.3742402173905
D1,two_weeks,combo_1_2,stress,46,2058.241286956513,391.0002195652167
D1,two_weeks,combo_1_2,adverse_funding,46,1282.587306899144,177.20409038345338
D1,two_weeks,fixed_0,low,165,1586.9004199999822,140.49253787878666
D1,two_weeks,fixed_0,base,165,1226.333783333316,112.49253787878664
D1,two_weeks,fixed_0,stress,165,-59.34693151516498,-31.97843939394061
D1,two_weeks,fixed_0,adverse_funding,165,-615.9180709385694,-175.15393928872174
D1,two_weeks,fixed_0.01,low,165,1483.6928790908944,135.65553030302937
D1,two_weeks,fixed_0.01,base,165,1173.0528633333192,107.65553030302935
D1,two_weeks,fixed_0.01,stress,165,-65.03221575758684,-36.92784848484941
D1,two_weeks,fixed_0.01,adverse_funding,165,-675.304802281159,-181.38920180976524
D1,two_weeks,fixed_0.03,low,165,1353.2426178787691,126.7243663636352
D1,two_weeks,fixed_0.03,base,165,1040.3591181818,98.72436636363517
D1,two_weeks,fixed_0.03,stress,165,-108.71588000001388,-45.881085454546614
D1,two_weeks,fixed_0.03,adverse_funding,165,-783.2171917929475,-190.4067728409103
D1,two_weeks,fixed_0.05,low,165,1249.8140457575573,118.06900606060495
D1,two_weeks,fixed_0.05,base,165,974.0380630302857,90.06900606060493
D1,two_weeks,fixed_0.05,stress,165,-222.76138303031587,-54.55156363636477
D1,two_weeks,fixed_0.05,adverse_funding,165,-846.4045190404216,-202.41280359848602
D1,two_weeks,fixed_0.1,low,165,982.1229487878655,97.66772454545365
D1,two_weeks,fixed_0.1,base,165,705.2203903030179,69.66772454545365
D1,two_weeks,fixed_0.1,stress,165,-369.4204503030401,-75.14606606060696
D1,two_weeks,fixed_0.1,adverse_funding,165,-1046.6136828240867,-225.60919306818272
D1,two_weeks,fixed_0.2,low,165,827.657872121198,97.43821727272618
D1,two_weeks,fixed_0.2,base,165,586.8041348484713,69.43821727272618
D1,two_weeks,fixed_0.2,stress,165,-432.54204545455605,-76.28368666666778
D1,two_weeks,fixed_0.2,adverse_funding,165,-1099.5389655303168,-234.23941751262737
D1,two_weeks,fixed_0.5,low,165,329.2890696969608,31.681069999999057
D1,two_weeks,fixed_0.5,base,165,115.81812909090048,3.681069999999046
D1,two_weeks,fixed_0.5,stress,165,-575.921718787886,-144.52858727272823
D1,two_weeks,fixed_0.5,adverse_funding,165,-1453.3604835984931,-334.83674165825016
D1,two_weeks,price_0.0005,low,165,1274.78817848483,119.15750181818058
D1,two_weeks,price_0.0005,base,165,984.124390303013,91.15750181818056
D1,two_weeks,price_0.0005,stress,165,-212.80618545455835,-53.46548121212246
D1,two_weeks,price_0.0005,adverse_funding,165,-838.7351511532162,-201.3154321043784
D1,two_weeks,price_0.001,low,165,1208.2107263636208,129.31231757575645
D1,two_weeks,price_0.001,base,165,855.5840396969551,101.31231757575645
D1,two_weeks,price_0.001,stress,165,-244.25706545455662,-43.527425454546595
D1,two_weeks,price_0.001,adverse_funding,165,-928.899066363651,-196.7210588973075
D1,two_weeks,price_0.002,low,165,894.6495678787709,103.54683696969565
D1,two_weeks,price_0.002,base,165,560.4602390908929,75.54683696969565
D1,two_weeks,price_0.002,stress,165,-319.6042933333462,-69.72699272727402
D1,two_weeks,price_0.002,adverse_funding,165,-1137.7854777651676,-227.25287914983298
D1,two_weeks,price_0.005,low,165,325.678516363626,38.37563242424135
D1,two_weeks,price_0.005,base,165,129.60477878786884,10.375632424241353
D1,two_weeks,price_0.005,stress,165,-590.7928212121299,-136.78685636363744
D1,two_weeks,price_0.005,adverse_funding,165,-1470.9560275042188,-321.25357454124696
D1,two_weeks,q_0.5,low,165,1586.9004199999822,140.49253787878666
D1,two_weeks,q_0.5,base,165,1226.333783333316,112.49253787878664
D1,two_weeks,q_0.5,stress,165,-59.34693151516498,-31.97843939394061
D1,two_weeks,q_0.5,adverse_funding,165,-615.9180709385694,-175.15393928872174
D1,two_weeks,q_0.75,low,165,174.80393454544824,25.404002121211203
D1,two_weeks,q_0.75,base,165,47.27937999999391,-2.5959978787887876
D1,two_weeks,q_0.75,stress,165,-577.3770254545508,-153.73435939394028
D1,two_weeks,q_0.75,adverse_funding,165,-1379.950117053878,-379.44394179713896
D1,two_weeks,q_0.9,low,165,-261.53550606060867,-110.00039212121315
D1,two_weeks,q_0.9,base,165,-283.96308575757837,-138.0003921212131
D1,two_weeks,q_0.9,stress,165,-587.5254424242449,-295.55496606060706
D1,two_weeks,q_0.9,adverse_funding,165,-1069.901918143942,-576.3593470875431
D1,two_weeks,selected_atrD,low,165,935.895759696957,88.70047999999908
D1,two_weeks,selected_atrD,base,165,599.8717263636248,60.70047999999908
D1,two_weeks,selected_atrD,stress,165,-411.1113654545545,-83.8140703030312
D1,two_weeks,selected_atrD,adverse_funding,165,-1091.6108462373854,-237.8720980723915
D1,two_weeks,selected_atrH,low,165,956.6264706060477,91.08366666666605
D1,two_weeks,selected_atrH,base,165,684.0426181818059,63.08366666666604
D1,two_weeks,selected_atrH,stress,165,-419.90196606061494,-81.84230303030363
D1,two_weeks,selected_atrH,adverse_funding,165,-1051.5625050294734,-234.95405871212182
D1,two_weeks,selected_combo,low,46,3461.0000108695444,521.8256695652161
D1,two_weeks,selected_combo,base,46,3134.3061771738935,493.8256695652162
D1,two_weeks,selected_combo,stress,46,2052.6474195652013,389.42481739130307
D1,two_weeks,selected_combo,adverse_funding,46,1472.2924924667677,175.80328014794569
D1,two_weeks,selected_fixed,low,165,949.1065999999856,89.95871969696863
D1,two_weeks,selected_fixed,base,165,651.5995151515014,61.958719696968615
D1,two_weeks,selected_fixed,stress,165,-356.47475393940476,-83.66753030303138
D1,two_weeks,selected_fixed,adverse_funding,165,-1043.8446951809901,-247.8822030723917
D1,two_weeks,selected_price,low,165,1097.7651669696816,105.86684151515043
D1,two_weeks,selected_price,base,165,742.6250075757434,77.86684151515045
D1,two_weeks,selected_price,stress,165,-326.6589309091016,-66.99025636363744
D1,two_weeks,selected_price,adverse_funding,165,-1033.5820182028758,-217.33765827441187
D1,two_weeks,selected_q,low,165,-261.53550606060867,-110.00039212121315
D1,two_weeks,selected_q,base,165,-283.96308575757837,-138.0003921212131
D1,two_weeks,selected_q,stress,165,-587.5254424242449,-295.55496606060706
D1,two_weeks,selected_q,adverse_funding,165,-1069.901918143942,-576.3593470875431
D1,week,atrD_0.025,low,173,692.6066829479585,72.62647543352489
D1,week,atrD_0.025,base,173,389.36791763004055,44.62647543352488
D1,week,atrD_0.025,stress,173,-699.6167433526141,-108.39733815029012
D1,week,atrD_0.025,adverse_funding,173,-856.7514966080777,-141.6548861592818
D1,week,atrD_0.05,low,173,564.6453462427612,63.5981835260104
D1,week,atrD_0.05,base,173,366.7033768785998,35.598183526010395
D1,week,atrD_0.05,stress,173,-778.973964739895,-117.47317052023236
D1,week,atrD_0.05,adverse_funding,173,-857.4066649687029,-152.003849530348
D1,week,atrD_0.1,low,173,613.8308789017192,60.587387283235756
D1,week,atrD_0.1,base,173,314.34298034680666,32.58738728323578
D1,week,atrD_0.1,stress,173,-716.3301699422078,-121.08961849711105
D1,week,atrD_0.1,adverse_funding,173,-887.4731405989224,-158.58701250401538
D1,week,atrD_0.25,low,173,312.92274855490564,41.835252312137875
D1,week,atrD_0.25,base,173,85.94052398843203,13.835252312137863
D1,week,atrD_0.25,stress,173,-855.1768358381564,-140.7867208092494
D1,week,atrD_0.25,adverse_funding,173,-1028.170901529391,-185.272677199744
D1,week,atrH_0.1,low,173,705.5193846820617,73.2289517341028
D1,week,atrH_0.1,base,173,411.4258618496928,45.2289517341028
D1,week,atrH_0.1,stress,173,-711.6232057803605,-107.77042023121516
D1,week,atrH_0.1,adverse_funding,173,-840.6096771475778,-141.0401012323391
D1,week,atrH_0.25,low,173,562.5939950866917,60.3321751445076
D1,week,atrH_0.25,base,173,370.894365028889,32.33217514450761
D1,week,atrH_0.25,stress,173,-765.0365017341142,-120.68027398844038
D1,week,atrH_0.25,adverse_funding,173,-840.0007618176109,-155.4561775570017
D1,week,atrH_0.5,low,173,573.5083878612606,53.09810462427661
D1,week,atrH_0.5,base,173,209.83656502889139,25.098104624276615
D1,week,atrH_0.5,stress,173,-761.2026075144594,-128.4724612716772
D1,week,atrH_0.5,adverse_funding,173,-985.413332811507,-167.30177224229374
D1,week,atrH_1,low,173,247.4384130057722,40.072380924854684
D1,week,atrH_1,base,173,62.121953468199614,12.072380924854686
D1,week,atrH_1,stress,173,-881.7847433526077,-142.81627861271753
D1,week,atrH_1,adverse_funding,173,-1070.8495287492055,-187.63865803227444
D1,week,combo_0.25_1,low,52,2414.618018269205,293.25717596153686
D1,week,combo_0.25_1,base,52,2065.8683317307455,265.2571759615369
D1,week,combo_0.25_1,stress,52,1062.9775442307496,150.1233903846138
D1,week,combo_0.25_1,adverse_funding,52,782.4325998931383,57.242488127669326
D1,week,combo_0.5_2,low,52,1918.7276951922881,266.8552192307678
D1,week,combo_0.5_2,base,52,1589.7044480769048,238.85521923076777
D1,week,combo_0.5_2,stress,52,801.3983211538306,124.21255384615247
D1,week,combo_0.5_2,adverse_funding,52,372.3173584000882,28.143184642092624
D1,week,combo_1_2,low,52,2044.1531134615257,321.15809807692193
D1,week,combo_1_2,base,52,1707.9671884615261,293.158098076922
D1,week,combo_1_2,stress,52,876.3694403846046,175.47504230769118
D1,week,combo_1_2,adverse_funding,52,540.2725320112055,72.98161870993478
D1,week,fixed_0,low,173,863.4503699421808,84.35831734103918
D1,week,fixed_0,base,173,566.1409846820657,56.35831734103918
D1,week,fixed_0,stress,173,-636.5727589595501,-96.4757352601169
D1,week,fixed_0,adverse_funding,173,-695.9084418995014,-128.26094787251256
D1,week,fixed_0.01,low,173,801.8076020231081,80.26411098265795
D1,week,fixed_0.01,base,173,512.4147650288887,52.26411098265795
D1,week,fixed_0.01,stress,173,-649.10175549134,-100.79385895953858
D1,week,fixed_0.01,adverse_funding,173,-757.1406918794283,-133.65289076348853
D1,week,fixed_0.03,low,173,709.4032456647224,73.69799306358253
D1,week,fixed_0.03,base,173,398.4109130057635,45.69799306358253
D1,week,fixed_0.03,stress,173,-689.8015554913425,-107.29476531792034
D1,week,fixed_0.03,adverse_funding,173,-853.8397963913143,-140.58566511319975
D1,week,fixed_0.05,low,173,629.0229494219461,68.09544653179063
D1,week,fixed_0.05,base,173,391.93315346819014,40.09544653179063
D1,week,fixed_0.05,stress,173,-764.2450231214007,-113.31933815029028
D1,week,fixed_0.05,adverse_funding,173,-848.8916897800437,-147.7335996106307
D1,week,fixed_0.1,low,173,439.5011760115465,52.849856069363064
D1,week,fixed_0.1,base,173,179.89245260114254,24.849856069363067
D1,week,fixed_0.1,stress,173,-804.8505791907623,-128.18733988439416
D1,week,fixed_0.1,adverse_funding,173,-1010.0043154223001,-164.91011342325095
D1,week,fixed_0.2,low,173,363.4654526011429,40.89076011560572
D1,week,fixed_0.2,base,173,161.02598063582545,12.8907601156057
D1,week,fixed_0.2,stress,173,-838.180241040473,-140.9100982658972
D1,week,fixed_0.2,adverse_funding,173,-983.6149675016186,-181.8506912933538
D1,week,fixed_0.5,low,173,122.06392630056888,15.980059826588283
D1,week,fixed_0.5,base,173,-71.09627832370819,-12.019940173411698
D1,week,fixed_0.5,stress,173,-841.0422549133026,-170.02357976878747
D1,week,fixed_0.5,adverse_funding,173,-1098.2936891096747,-224.21032924293647
D1,week,price_0.0005,low,173,650.8768684970918,68.78677890173286
D1,week,price_0.0005,base,173,399.5877205202142,40.78677890173285
D1,week,price_0.0005,stress,173,-759.764867052036,-112.63031502890297
D1,week,price_0.0005,adverse_funding,173,-843.5446029584308,-147.0345645271368
D1,week,price_0.001,low,173,541.9113161849567,61.01219682080793
D1,week,price_0.001,base,173,231.39553439304984,33.01219682080794
D1,week,price_0.001,stress,173,-805.6953057803578,-120.33751387283367
D1,week,price_0.001,adverse_funding,173,-974.4874581406687,-157.30137384794614
D1,week,price_0.002,low,173,315.0118647398682,40.44954248554766
D1,week,price_0.002,base,173,24.47580028900185,12.44954248554765
D1,week,price_0.002,stress,173,-834.3641104046371,-141.37594393063736
D1,week,price_0.002,adverse_funding,173,-1122.161170146933,-181.36681569524876
D1,week,price_0.005,low,173,88.23663034681097,15.15712427745538
D1,week,price_0.005,base,173,-95.08366676301515,-12.842875722544616
D1,week,price_0.005,stress,173,-844.4114294797771,-169.08921965318046
D1,week,price_0.005,adverse_funding,173,-1148.6931076950962,-221.5424852480745
D1,week,q_0.5,low,173,863.4503699421808,84.35831734103918
D1,week,q_0.5,base,173,566.1409846820657,56.35831734103918
D1,week,q_0.5,stress,173,-636.5727589595501,-96.4757352601169
D1,week,q_0.5,adverse_funding,173,-695.9084418995014,-128.26094787251256
D1,week,q_0.75,low,173,246.91853265895102,36.68672716762908
D1,week,q_0.75,base,173,40.02508323698598,8.686727167629083
D1,week,q_0.75,stress,173,-834.4464277456719,-146.32226820809345
D1,week,q_0.75,adverse_funding,173,-1057.5380671523844,-192.42495856615383
D1,week,q_0.9,low,173,52.678930057798006,17.392675722541888
D1,week,q_0.9,base,173,-55.41266358382042,-10.607324277458089
D1,week,q_0.9,stress,173,-525.1264589595422,-176.3897352601171
D1,week,q_0.9,adverse_funding,173,-788.9419195648737,-250.83835952151722
D1,week,selected_atrD,low,173,451.07407543351223,60.81754393063479
D1,week,selected_atrD,base,173,152.57439537570968,32.817543930634784
D1,week,selected_atrD,stress,173,-862.5786895953856,-121.14034566474092
D1,week,selected_atrD,adverse_funding,173,-1021.8406552023251,-158.39180527858167
D1,week,selected_atrH,low,173,483.17219046241286,68.57929104046138
D1,week,selected_atrH,base,173,224.02889942195102,40.5792910404614
D1,week,selected_atrH,stress,173,-827.728250289028,-113.67523294797792
D1,week,selected_atrH,adverse_funding,173,-972.1311098105475,-152.0620062259163
D1,week,selected_combo,low,52,2110.3573711538256,320.7279019230756
D1,week,selected_combo,base,52,1773.176547115365,292.7279019230756
D1,week,selected_combo,stress,52,844.3829346153689,174.99926538461403
D1,week,selected_combo,adverse_funding,52,551.612150413976,72.68075315170812
D1,week,selected_fixed,low,173,442.15555895952434,53.70354421965181
D1,week,selected_fixed,base,173,184.6231375722415,25.70354421965182
D1,week,selected_fixed,stress,173,-817.8918375722651,-129.37903872832504
D1,week,selected_fixed,adverse_funding,173,-974.4755559288824,-171.90693677344393
D1,week,selected_price,low,173,562.4645054913125,56.91570028901594
D1,week,selected_price,base,173,284.7792231213711,28.91570028901593
D1,week,selected_price,stress,173,-792.4389890173541,-126.34316589595515
D1,week,selected_price,adverse_funding,173,-918.7804886641139,-166.28792276413117
D1,week,selected_q,low,173,503.7740427745569,33.65763815028754
D1,week,selected_q,base,173,307.3766442196438,5.657638150287564
D1,week,selected_q,stress,173,-526.3609421965398,-156.50431907514601
D1,week,selected_q,adverse_funding,173,-670.4558735428805,-215.88410438343115
H1,four_weeks,atrD_0.025,low,1744,112.1035652809656,48.18060860091737
H1,four_weeks,atrD_0.025,base,1744,-693.7381162557325,20.18060860091736
H1,four_weeks,atrD_0.025,stress,1744,-2294.2725385321087,-56.98019908256886
H1,four_weeks,atrD_0.025,adverse_funding,1744,-1909.1013043962887,-42.79565144695842
H1,four_weeks,atrD_0.05,low,1744,120.35675877293731,44.15283147935774
H1,four_weeks,atrD_0.05,base,1744,-626.7880454415131,16.152831479357733
H1,four_weeks,atrD_0.05,stress,1744,-2143.2294576834856,-60.93434850917435
H1,four_weeks,atrD_0.05,adverse_funding,1744,-1819.7608056184026,-48.873509470897616
H1,four_weeks,atrD_0.1,low,1744,219.00781270068998,46.897319323394406
H1,four_weeks,atrD_0.1,base,1744,-431.13615206421895,18.89731932339439
H1,four_weeks,atrD_0.1,stress,1744,-1787.5469782683476,-57.63641066513769
H1,four_weeks,atrD_0.1,adverse_funding,1744,-1586.0210098703478,-51.55454693632146
H1,four_weeks,atrD_0.25,low,1744,98.53182247706468,39.4875527522936
H1,four_weeks,atrD_0.25,base,1744,-362.9369026662841,11.487552752293604
H1,four_weeks,atrD_0.25,stress,1744,-1372.363617545871,-64.36096674311922
H1,four_weeks,atrD_0.25,adverse_funding,1744,-1423.802562189411,-73.05627964330083
H1,four_weeks,atrH_0.1,low,1744,105.95520834289502,47.8194446961009
H1,four_weeks,atrH_0.1,base,1744,-704.842586525226,19.819444696100906
H1,four_weeks,atrH_0.1,stress,1744,-2299.272306938071,-57.324877809633016
H1,four_weeks,atrH_0.1,adverse_funding,1744,-1918.4866391575315,-42.86132268047328
H1,four_weeks,atrH_0.25,low,1744,108.6750039850935,45.85057135894486
H1,four_weeks,atrH_0.25,base,1744,-618.4947295584852,17.850571358944862
H1,four_weeks,atrH_0.25,stress,1744,-2087.428051720183,-59.085812557339516
H1,four_weeks,atrH_0.25,adverse_funding,1744,-1796.5675253833904,-48.10635146726616
H1,four_weeks,atrH_0.5,low,1744,210.84958173738767,48.50457637614671
H1,four_weeks,atrH_0.5,base,1744,-397.0535159403651,20.5045763761467
H1,four_weeks,atrH_0.5,stress,1744,-1714.0123235665124,-55.855170642201905
H1,four_weeks,atrH_0.5,adverse_funding,1744,-1529.063975522026,-51.25558112815376
H1,four_weeks,atrH_1,low,1744,20.969700630735108,34.67393377293576
H1,four_weeks,atrH_1,base,1744,-440.59101304472387,6.673933772935762
H1,four_weeks,atrH_1,stress,1744,-1484.7533201261458,-69.26380103211008
H1,four_weeks,atrH_1,adverse_funding,1744,-1504.4248677887672,-77.17528363317089
H1,four_weeks,combo_0.25_1,low,1742,119.58013435706293,46.07682109644079
H1,four_weeks,combo_0.25_1,base,1742,-608.3146418771513,18.076821096440785
H1,four_weeks,combo_0.25_1,stress,1742,-2079.715485304247,-58.746730941446664
H1,four_weeks,combo_0.25_1,adverse_funding,1742,-1786.0260793005446,-47.92094363910956
H1,four_weeks,combo_0.5_2,low,1742,221.29689359931362,48.76947129735928
H1,four_weeks,combo_0.5_2,base,1742,-387.1156830080348,20.769471297359278
H1,four_weeks,combo_0.5_2,stress,1742,-1706.934598450056,-55.51581056257182
H1,four_weeks,combo_0.5_2,adverse_funding,1742,-1518.977741595307,-51.0360959983736
H1,four_weeks,combo_1_2,low,1742,31.533165384616677,35.015512227324905
H1,four_weeks,combo_1_2,base,1742,-430.3794634615375,7.0155122273248995
H1,four_weeks,combo_1_2,stress,1742,-1477.0563393226166,-68.84655878300804
H1,four_weeks,combo_1_2,adverse_funding,1742,-1494.3042089149594,-76.89146441789454
H1,four_weeks,fixed_0,low,1744,-53.396388073387584,45.17463709862376
H1,four_weeks,fixed_0,base,1744,-929.4672002580251,17.17463709862377
H1,four_weeks,fixed_0,stress,1744,-2599.137500802751,-60.130376032110156
H1,four_weeks,fixed_0,adverse_funding,1744,-2174.710524777077,-42.23397640382112
H1,four_weeks,fixed_0.01,low,1744,21.87994928326119,47.894591685779744
H1,four_weeks,fixed_0.01,base,1744,-825.8840678899056,19.89459168577974
H1,four_weeks,fixed_0.01,stress,1744,-2482.1526797018328,-57.49538658256886
H1,four_weeks,fixed_0.01,adverse_funding,1744,-2058.580266279357,-40.37549280811334
H1,four_weeks,fixed_0.03,low,1744,84.8034377866985,48.70189870986232
H1,four_weeks,fixed_0.03,base,1744,-720.926376204128,20.701898709862323
H1,four_weeks,fixed_0.03,stress,1744,-2311.608132454128,-56.458771387614725
H1,four_weeks,fixed_0.03,adverse_funding,1744,-1932.2312865422184,-41.755538359826346
H1,four_weeks,fixed_0.05,low,1744,-73.73105607797598,40.58339076834866
H1,four_weeks,fixed_0.05,base,1744,-810.6546964736194,12.583390768348652
H1,four_weeks,fixed_0.05,stress,1744,-2319.3098978784374,-64.50765080275224
H1,four_weeks,fixed_0.05,adverse_funding,1744,-1996.776681726497,-51.439829104084325
H1,four_weeks,fixed_0.1,low,1744,185.0283185206425,44.00733873279808
H1,four_weeks,fixed_0.1,base,1744,-477.6441930619266,16.007338732798086
H1,four_weeks,fixed_0.1,stress,1744,-1858.7484190940363,-60.64360808486244
H1,four_weeks,fixed_0.1,adverse_funding,1744,-1625.3117471262583,-52.35053991661896
H1,four_weeks,fixed_0.2,low,1744,148.14981849197238,39.597864392201764
H1,four_weeks,fixed_0.2,base,1744,-371.57525630733954,11.597864392201771
H1,four_weeks,fixed_0.2,stress,1744,-1505.2474665711009,-64.574443233945
H1,four_weeks,fixed_0.2,adverse_funding,1744,-1455.763465056782,-65.53705978234908
H1,four_weeks,fixed_0.5,low,1744,36.186724655963125,31.265766714449505
H1,four_weeks,fixed_0.5,base,1744,-274.9421843176607,3.2657667144495033
H1,four_weeks,fixed_0.5,stress,1744,-1007.0869733944953,-72.32786450688074
H1,four_weeks,fixed_0.5,adverse_funding,1744,-1256.8878196706169,-101.03144930595379
H1,four_weeks,price_0.0005,low,1744,3.1443000286743454,43.1332578841743
H1,four_weeks,price_0.0005,base,1744,-756.8837959288957,15.13325788417429
H1,four_weeks,price_0.0005,stress,1744,-2288.9285604931165,-61.909006020642195
H1,four_weeks,price_0.0005,adverse_funding,1744,-1951.148140491072,-48.80939770237377
H1,four_weeks,price_0.001,low,1744,134.08361760321517,43.380548021789004
H1,four_weeks,price_0.001,base,1744,-544.8938929185747,15.380548021789005
H1,four_weeks,price_0.001,stress,1744,-1961.9736597477036,-61.30244753440364
H1,four_weeks,price_0.001,adverse_funding,1744,-1700.569607202867,-52.21806068026884
H1,four_weeks,price_0.002,low,1744,81.43751095183733,39.70825255160553
H1,four_weeks,price_0.002,base,1744,-458.4096490825665,11.708252551605531
H1,four_weeks,price_0.002,stress,1744,-1647.5402017201814,-64.43520361238527
H1,four_weeks,price_0.002,adverse_funding,1744,-1548.9681827854208,-62.974893632135554
H1,four_weeks,price_0.005,low,1744,29.642697276375817,31.99381473623849
H1,four_weeks,price_0.005,base,1744,-312.7810008314224,3.9938147362384875
H1,four_weeks,price_0.005,stress,1744,-1126.7940235091744,-71.79261708715597
H1,four_weeks,price_0.005,adverse_funding,1744,-1323.8659526603117,-94.69802549176546
H1,four_weeks,q_0.5,low,1744,85.21070289564425,39.87438649655962
H1,four_weeks,q_0.5,base,1744,-410.9210417144479,11.874386496559627
H1,four_weeks,q_0.5,stress,1744,-1518.7037181766038,-64.00981072247706
H1,four_weeks,q_0.5,adverse_funding,1744,-1496.4310523760016,-68.33334412549377
H1,four_weeks,q_0.75,low,1744,-471.69292812500044,-96.75397442660564
H1,four_weeks,q_0.75,base,1744,-576.1080978497712,-124.75397442660562
H1,four_weeks,q_0.75,stress,1744,-853.1486306766059,-200.2401850917432
H1,four_weeks,q_0.75,adverse_funding,1744,-1334.8446639533963,-337.8524041519337
H1,four_weeks,q_0.9,low,1744,-568.8641184059636,-323.94064756307347
H1,four_weeks,q_0.9,base,1744,-609.7004477924315,-351.94064756307347
H1,four_weeks,q_0.9,stress,1744,-702.4411548738534,-427.70910475917447
H1,four_weeks,q_0.9,adverse_funding,1744,-1065.9099043219614,-675.5883490276187
H1,four_weeks,selected_atrD,low,1744,98.53182247706468,39.4875527522936
H1,four_weeks,selected_atrD,base,1744,-362.9369026662841,11.487552752293604
H1,four_weeks,selected_atrD,stress,1744,-1372.363617545871,-64.36096674311922
H1,four_weeks,selected_atrD,adverse_funding,1744,-1423.802562189411,-73.05627964330083
H1,four_weeks,selected_atrH,low,1744,20.969700630735108,34.67393377293576
H1,four_weeks,selected_atrH,base,1744,-440.59101304472387,6.673933772935762
H1,four_weeks,selected_atrH,stress,1744,-1484.7533201261458,-69.26380103211008
H1,four_weeks,selected_atrH,adverse_funding,1744,-1504.4248677887672,-77.17528363317089
H1,four_weeks,selected_combo,low,1742,31.533165384616677,35.015512227324905
H1,four_weeks,selected_combo,base,1742,-430.3794634615375,7.0155122273248995
H1,four_weeks,selected_combo,stress,1742,-1477.0563393226166,-68.84655878300804
H1,four_weeks,selected_combo,adverse_funding,1742,-1494.3042089149594,-76.89146441789454
H1,four_weeks,selected_fixed,low,1744,36.186724655963125,31.265766714449505
H1,four_weeks,selected_fixed,base,1744,-274.9421843176607,3.2657667144495033
H1,four_weeks,selected_fixed,stress,1744,-1007.0869733944953,-72.32786450688074
H1,four_weeks,selected_fixed,adverse_funding,1744,-1256.8878196706169,-101.03144930595379
H1,four_weeks,selected_price,low,1744,29.642697276375817,31.99381473623849
H1,four_weeks,selected_price,base,1744,-312.7810008314224,3.9938147362384875
H1,four_weeks,selected_price,stress,1744,-1126.7940235091744,-71.79261708715597
H1,four_weeks,selected_price,adverse_funding,1744,-1323.8659526603117,-94.69802549176546
H1,four_weeks,selected_q,low,1744,-568.8641184059636,-323.94064756307347
H1,four_weeks,selected_q,base,1744,-609.7004477924315,-351.94064756307347
H1,four_weeks,selected_q,stress,1744,-702.4411548738534,-427.70910475917447
H1,four_weeks,selected_q,adverse_funding,1744,-1065.9099043219614,-675.5883490276187
H1,intraday,atrD_0.025,low,176,-944.2444392045564,-25.25895056818225
H1,intraday,atrD_0.025,base,176,-1656.4611119318297,-53.25895056818224
H1,intraday,atrD_0.025,stress,176,-2942.9430750000097,-127.12017386363678
H1,intraday,atrD_0.025,adverse_funding,176,-1801.9725403514424,-59.89845443037186
H1,intraday,atrD_0.05,low,176,-863.3897301136476,-28.067644318182328
H1,intraday,atrD_0.05,base,176,-1510.323159943193,-56.06764431818233
H1,intraday,atrD_0.05,stress,176,-2759.9753409091004,-129.89665227272778
H1,intraday,atrD_0.05,adverse_funding,176,-1650.6953676563933,-62.83198236203229
H1,intraday,atrD_0.1,low,176,-796.1750397727374,-32.966300568182255
H1,intraday,atrD_0.1,base,176,-1366.7680767045547,-60.966300568182255
H1,intraday,atrD_0.1,stress,176,-2507.7236857954617,-134.6371465909095
H1,intraday,atrD_0.1,adverse_funding,176,-1500.0967061632036,-68.03526028251306
H1,intraday,atrD_0.25,low,176,-527.4836380681792,-32.986774431818056
H1,intraday,atrD_0.25,base,176,-929.2206332386339,-60.98677443181805
H1,intraday,atrD_0.25,stress,176,-1882.9614636363608,-134.67809431818165
H1,intraday,atrD_0.25,adverse_funding,176,-1042.9491582346882,-68.8069610637625
H1,intraday,atrH_0.1,low,176,-947.3349798295603,-23.77293636363676
H1,intraday,atrH_0.1,base,176,-1662.4620931818315,-51.77293636363677
H1,intraday,atrH_0.1,stress,176,-2933.947935795464,-125.62541818181857
H1,intraday,atrH_0.1,adverse_funding,176,-1807.7249393926375,-58.3993074330549
H1,intraday,atrH_0.25,low,176,-878.0176522727414,-24.87660710227318
H1,intraday,atrH_0.25,base,176,-1516.1620193181946,-52.87660710227318
H1,intraday,atrH_0.25,stress,176,-2705.4211346591005,-126.63957784090952
H1,intraday,atrH_0.25,adverse_funding,176,-1655.2734080998919,-59.72927788760041
H1,intraday,atrH_0.5,low,176,-669.8700170454623,-29.238312215909385
H1,intraday,atrH_0.5,base,176,-1252.7420863636435,-57.23831221590938
H1,intraday,atrH_0.5,stress,176,-2352.2304187500054,-130.9311698863639
H1,intraday,atrH_0.5,adverse_funding,176,-1381.7829514599189,-64.34839912010762
H1,intraday,atrH_1,low,176,-896.8260383522709,-48.66397982954543
H1,intraday,atrH_1,base,176,-1312.2887090909078,-76.66397982954544
H1,intraday,atrH_1,stress,176,-2194.9659931818173,-150.35068693181813
H1,intraday,atrH_1,adverse_funding,176,-1426.0144923137611,-84.3263449850063
H1,intraday,combo_0.25_1,low,174,-918.6420672413916,-28.711821551724558
H1,intraday,combo_0.25_1,base,174,-1555.723064367828,-56.71182155172456
H1,intraday,combo_0.25_1,stress,174,-2729.965361494262,-129.30870057471304
H1,intraday,combo_0.25_1,adverse_funding,174,-1695.4092955014216,-63.597767168875485
H1,intraday,combo_0.5_2,low,174,-704.6674051724196,-32.951247413793354
H1,intraday,combo_0.5_2,base,174,-1285.6853982758678,-60.951247413793354
H1,intraday,combo_0.5_2,stress,174,-2369.0208718390845,-133.4772074712646
H1,intraday,combo_0.5_2,adverse_funding,174,-1415.2640670577964,-68.0975679557793
H1,intraday,combo_1_2,low,174,-918.7376939655156,-52.19301637931032
H1,intraday,combo_1_2,base,174,-1336.0396045977002,-80.19301637931034
H1,intraday,combo_1_2,stress,174,-2206.3964988505736,-152.7078718390804
H1,intraday,combo_1_2,adverse_funding,174,-1449.7589348978279,-87.8834216714559
H1,intraday,fixed_0,low,176,-1060.6652150567866,-21.68269943181805
H1,intraday,fixed_0,base,176,-1863.5368599431633,-49.682699431818044
H1,intraday,fixed_0,stress,176,-3180.1060278409,-123.60403522727256
H1,intraday,fixed_0,adverse_funding,176,-2017.433517267053,-56.19504824942116
H1,intraday,fixed_0.01,low,176,-783.3022454545497,-16.3786241477275
H1,intraday,fixed_0.01,base,176,-1539.1133434659125,-44.3786241477275
H1,intraday,fixed_0.01,stress,176,-2929.9568772727303,-118.27997556818201
H1,intraday,fixed_0.01,adverse_funding,176,-1690.5258276515187,-50.96849663957305
H1,intraday,fixed_0.03,low,176,-1020.4096514204516,-24.181412215909212
H1,intraday,fixed_0.03,base,176,-1693.6364906249996,-52.18141221590922
H1,intraday,fixed_0.03,stress,176,-2968.2270227272743,-126.04464261363646
H1,intraday,fixed_0.03,adverse_funding,176,-1838.8493372619416,-58.81706260390374
H1,intraday,fixed_0.05,low,176,-967.8408377840989,-27.607670454545847
H1,intraday,fixed_0.05,base,176,-1618.7662732954625,-55.60767045454584
H1,intraday,fixed_0.05,stress,176,-2839.347961931824,-129.3744318181822
H1,intraday,fixed_0.05,adverse_funding,176,-1760.0904253025126,-62.340110909222815
H1,intraday,fixed_0.1,low,176,-738.3601377841002,-29.953603693182004
H1,intraday,fixed_0.1,base,176,-1339.1457769886447,-57.953603693182004
H1,intraday,fixed_0.1,stress,176,-2492.4936357954593,-131.6231164772729
H1,intraday,fixed_0.1,adverse_funding,176,-1472.5122887863088,-64.96544683159742
H1,intraday,fixed_0.2,low,176,-852.6198536931868,-44.9814400568184
H1,intraday,fixed_0.2,base,176,-1328.6138301136414,-72.9814400568184
H1,intraday,fixed_0.2,stress,176,-2280.23609886364,-146.62197102272745
H1,intraday,fixed_0.2,adverse_funding,176,-1445.4934711529406,-80.34065584753809
H1,intraday,fixed_0.5,low,176,-134.41319176136346,-12.797645170454592
H1,intraday,fixed_0.5,base,176,-431.60270312499983,-40.797645170454594
H1,intraday,fixed_0.5,stress,176,-1146.0532392045452,-114.47029034090912
H1,intraday,fixed_0.5,adverse_funding,176,-523.7046110716539,-49.56779806660358
H1,intraday,price_0.0005,low,176,-936.2858525568402,-26.423338636364146
H1,intraday,price_0.0005,base,176,-1597.7765613636557,-54.423338636364136
H1,intraday,price_0.0005,stress,176,-2846.583885227286,-128.1989500000005
H1,intraday,price_0.0005,adverse_funding,176,-1740.184564183521,-61.1511965468492
H1,intraday,price_0.001,low,176,-682.5640477272775,-26.194693181818437
H1,intraday,price_0.001,base,176,-1292.715819886369,-54.19469318181845
H1,intraday,price_0.001,stress,176,-2490.2509585227317,-127.91211363636388
H1,intraday,price_0.001,adverse_funding,176,-1427.5437748263942,-61.14663397648385
H1,intraday,price_0.002,low,176,-903.2368196022696,-42.88626420454532
H1,intraday,price_0.002,base,176,-1395.6315156249968,-70.88626420454533
H1,intraday,price_0.002,stress,176,-2365.7937176136334,-144.5338920454544
H1,intraday,price_0.002,adverse_funding,176,-1517.155697679921,-78.18011985085215
H1,intraday,price_0.005,low,176,-276.84661306818265,-25.925026136363694
H1,intraday,price_0.005,base,176,-618.3628568181825,-53.9250261363637
H1,intraday,price_0.005,stress,176,-1375.5363062500003,-127.60005227272731
H1,intraday,price_0.005,adverse_funding,176,-716.651253578757,-62.45666735321975
H1,intraday,q_0.5,low,176,-1060.6652150567866,-21.68269943181805
H1,intraday,q_0.5,base,176,-1863.5368599431633,-49.682699431818044
H1,intraday,q_0.5,stress,176,-3180.1060278409,-123.60403522727256
H1,intraday,q_0.5,adverse_funding,176,-2017.433517267053,-56.19504824942116
H1,intraday,q_0.75,low,176,-701.9806392045489,-29.143266761363872
H1,intraday,q_0.75,base,176,-1247.9104079545493,-57.14326676136387
H1,intraday,q_0.75,stress,176,-2354.55791477273,-130.8547153409093
H1,intraday,q_0.75,adverse_funding,176,-1376.132942183558,-64.27017539851664
H1,intraday,q_0.9,low,176,-192.42566448863855,-8.048655681818241
H1,intraday,q_0.9,base,176,-583.2881005681838,-36.04865568181824
H1,intraday,q_0.9,stress,176,-1387.4888579545468,-109.68822045454549
H1,intraday,q_0.9,adverse_funding,176,-684.2270865214667,-44.32292148437505
H1,intraday,selected_atrD,low,176,-777.0323914772682,-40.85245113636348
H1,intraday,selected_atrD,base,176,-1239.0807767045414,-68.85245113636347
H1,intraday,selected_atrD,stress,176,-2211.1935602272683,-142.56853863636346
H1,intraday,selected_atrD,adverse_funding,176,-1359.6626383877801,-76.30518521543546
H1,intraday,selected_atrH,low,176,-930.502339488642,-43.964558522727586
H1,intraday,selected_atrH,base,176,-1401.7132031250053,-71.96455852272759
H1,intraday,selected_atrH,stress,176,-2356.457908522731,-145.6677534090912
H1,intraday,selected_atrH,adverse_funding,176,-1523.7230684777517,-79.35370003551168
H1,intraday,selected_combo,low,174,-949.1894255747193,-49.10377270114977
H1,intraday,selected_combo,base,174,-1411.0947488505813,-77.10377270114978
H1,intraday,selected_combo,stress,174,-2339.963001724143,-149.63283275862102
H1,intraday,selected_combo,adverse_funding,174,-1531.666556401667,-84.57761619173087
H1,intraday,selected_fixed,low,176,-134.41319176136346,-12.797645170454592
H1,intraday,selected_fixed,base,176,-431.60270312499983,-40.797645170454594
H1,intraday,selected_fixed,stress,176,-1146.0532392045452,-114.47029034090912
H1,intraday,selected_fixed,adverse_funding,176,-523.7046110716539,-49.56779806660358
H1,intraday,selected_price,low,176,-276.84661306818265,-25.925026136363694
H1,intraday,selected_price,base,176,-618.3628568181825,-53.9250261363637
H1,intraday,selected_price,stress,176,-1375.5363062500003,-127.60005227272731
H1,intraday,selected_price,adverse_funding,176,-716.651253578757,-62.45666735321975
H1,intraday,selected_q,low,176,-192.42566448863855,-8.048655681818241
H1,intraday,selected_q,base,176,-583.2881005681838,-36.04865568181824
H1,intraday,selected_q,stress,176,-1387.4888579545468,-109.68822045454549
H1,intraday,selected_q,adverse_funding,176,-684.2270865214667,-44.32292148437505
H1,two_weeks,atrD_0.025,low,1880,5.612367420215184,41.06590763297871
H1,two_weeks,atrD_0.025,base,1880,-786.5798769414876,13.065907632978703
H1,two_weeks,atrD_0.025,stress,1880,-2366.522173829786,-64.1788655851064
H1,two_weeks,atrD_0.025,adverse_funding,1880,-1990.6782156052977,-47.86598349096855
H1,two_weeks,atrD_0.05,low,1880,15.868967659575983,36.58388303191488
H1,two_weeks,atrD_0.05,base,1880,-721.9281696010631,8.583883031914876
H1,two_weeks,atrD_0.05,stress,1880,-2214.725539787233,-68.61447329787234
H1,two_weeks,atrD_0.05,adverse_funding,1880,-1902.3910825462644,-54.33531978861926
H1,two_weeks,atrD_0.1,low,1880,132.61154260638392,41.43292864361691
H1,two_weeks,atrD_0.1,base,1880,-509.99817635638243,13.432928643616911
H1,two_weeks,atrD_0.1,stress,1880,-1850.5666660638294,-63.156743776595825
H1,two_weeks,atrD_0.1,adverse_funding,1880,-1651.4206358979445,-54.66699326053375
H1,two_weeks,atrD_0.25,low,1880,67.79747960106445,37.33373159574474
H1,two_weeks,atrD_0.25,base,1880,-392.54766768616963,9.333731595744734
H1,two_weeks,atrD_0.25,stress,1880,-1387.9285183510628,-66.58705276595738
H1,two_weeks,atrD_0.25,adverse_funding,1880,-1443.3146977766382,-72.90856124516716
H1,two_weeks,atrH_0.1,low,1880,-0.44793606382484136,40.68248707446808
H1,two_weeks,atrH_0.1,base,1880,-796.9350582712731,12.682487074468074
H1,two_weeks,atrH_0.1,stress,1880,-2371.086191968083,-64.52090882978722
H1,two_weeks,atrH_0.1,adverse_funding,1880,-1998.9583000822463,-47.974917799848555
H1,two_weeks,atrH_0.25,low,1880,-2.0831601329778655,37.72465659574456
H1,two_weeks,atrH_0.25,base,1880,-714.8228292287233,9.724656595744564
H1,two_weeks,atrH_0.25,stress,1880,-2165.3542343085105,-67.27750063829797
H1,two_weeks,atrH_0.25,adverse_funding,1880,-1880.1597279892505,-54.1971125294586
H1,two_weeks,atrH_0.5,low,1880,114.27280239361914,42.1049507978723
H1,two_weeks,atrH_0.5,base,1880,-482.144933377658,14.104950797872297
H1,two_weeks,atrH_0.5,stress,1880,-1781.6990852659558,-62.290023936170236
H1,two_weeks,atrH_0.5,adverse_funding,1880,-1599.1242887268502,-55.407808752185574
H1,two_weeks,atrH_1,low,1880,-31.15491377659502,31.358956569148905
H1,two_weeks,atrH_1,base,1880,-487.3326312234037,3.3589565691488983
H1,two_weeks,atrH_1,stress,1880,-1512.528258989361,-72.60894324468086
H1,two_weeks,atrH_1,adverse_funding,1880,-1538.3901307029705,-78.32217935686937
H1,two_weeks,combo_0.25_1,low,1878,7.914295021300373,37.92586810436624
H1,two_weeks,combo_0.25_1,base,1878,-705.482543530351,9.925868104366236
H1,two_weeks,combo_0.25_1,stress,1878,-2158.283180883919,-66.97169829605973
H1,two_weeks,combo_0.25_1,adverse_funding,1878,-1870.4706892932415,-54.03161789978638
H1,two_weeks,combo_0.5_2,low,1878,123.8606957401514,42.343847337593154
H1,two_weeks,combo_0.5_2,base,1878,-473.0173923056425,14.343847337593145
H1,two_weeks,combo_0.5_2,stress,1878,-1775.2059949414254,-61.98209233226839
H1,two_weeks,combo_0.5_2,adverse_funding,1878,-1589.843085918578,-55.20864014684534
H1,two_weeks,combo_1_2,low,1878,-21.411939137379473,31.6722684504792
H1,two_weeks,combo_1_2,base,1878,-477.9103542598503,3.6722684504791965
H1,two_weeks,combo_1_2,stress,1878,-1505.4182533013836,-72.22547907348245
H1,two_weeks,combo_1_2,adverse_funding,1878,-1529.038556031861,-78.06013501098862
H1,two_weeks,fixed_0,low,1880,-139.81097515956776,40.22929260638292
H1,two_weeks,fixed_0,base,1880,-1006.6124341223377,12.229292606382927
H1,two_weeks,fixed_0,stress,1880,-2659.9730505851053,-65.1451807446809
H1,two_weeks,fixed_0,adverse_funding,1880,-2241.8133547179714,-45.256550662461876
H1,two_weeks,fixed_0.01,low,1880,-51.40040781914417,42.918715239361674
H1,two_weeks,fixed_0.01,base,1880,-891.3390329521243,14.918715239361672
H1,two_weeks,fixed_0.01,stress,1880,-2534.677995638295,-62.57001632978724
H1,two_weeks,fixed_0.01,adverse_funding,1880,-2114.4410898407605,-43.40969330507538
H1,two_weeks,fixed_0.03,low,1880,-11.733982180849528,41.7941668617021
H1,two_weeks,fixed_0.03,base,1880,-808.3770560904246,13.794166861702097
H1,two_weeks,fixed_0.03,stress,1880,-2381.368403351063,-63.45048010638299
H1,two_weeks,fixed_0.03,adverse_funding,1880,-2008.9821301387647,-46.656666315104204
H1,two_weeks,fixed_0.05,low,1880,-157.56436579786836,33.854530930851084
H1,two_weeks,fixed_0.05,base,1880,-888.3057424734014,5.854530930851087
H1,two_weeks,fixed_0.05,stress,1880,-2377.973933191487,-71.34422005319146
H1,two_weeks,fixed_0.05,adverse_funding,1880,-2066.0305674446204,-56.25314127687277
H1,two_weeks,fixed_0.1,low,1880,85.28075561170195,36.35365928191483
H1,two_weeks,fixed_0.1,base,1880,-568.801368164894,8.353659281914831
H1,two_weeks,fixed_0.1,stress,1880,-1930.2984418085107,-68.3250271808511
H1,two_weeks,fixed_0.1,adverse_funding,1880,-1704.9179760948894,-57.89718654732448
H1,two_weeks,fixed_0.2,low,1880,68.96169452127674,35.00315207446805
H1,two_weeks,fixed_0.2,base,1880,-442.47041874999996,7.003152074468053
H1,two_weeks,fixed_0.2,stress,1880,-1562.5954544680847,-69.18573308510639
H1,two_weeks,fixed_0.2,adverse_funding,1880,-1514.1687629856801,-67.90704370121038
H1,two_weeks,fixed_0.5,low,1880,14.308885505318996,28.69757856382975
H1,two_weeks,fixed_0.5,base,1880,-290.9623887234045,0.6975785638297508
H1,two_weeks,fixed_0.5,stress,1880,-1021.4011601595744,-74.96746521276596
H1,two_weeks,fixed_0.5,adverse_funding,1880,-1258.6727390458777,-100.26574553930261
H1,two_weeks,price_0.0005,low,1880,-96.6266573138263,35.96991667553189
H1,two_weeks,price_0.0005,base,1880,-846.6501678191464,7.9699166755318975
H1,two_weeks,price_0.0005,stress,1880,-2356.722572978721,-69.14918792553192
H1,two_weeks,price_0.0005,adverse_funding,1880,-2031.8231062193693,-54.03365310163639
H1,two_weeks,price_0.001,low,1880,33.795211117024884,35.67340861702131
H1,two_weeks,price_0.001,base,1880,-634.8231331116995,7.673408617021305
H1,two_weeks,price_0.001,stress,1880,-2031.8777202127635,-69.06935297872334
H1,two_weeks,price_0.001,adverse_funding,1880,-1779.8050412440564,-57.841206651121674
H1,two_weeks,price_0.002,low,1880,6.501906276597862,35.15592885638301
H1,two_weeks,price_0.002,base,1880,-525.705686781913,7.155928856383008
H1,two_weeks,price_0.002,stress,1880,-1700.9894408510622,-69.00891888297868
H1,two_weeks,price_0.002,adverse_funding,1880,-1606.3058218822932,-65.41085928410041
H1,two_weeks,price_0.005,low,1880,-7.542879148936226,28.203420771276583
H1,two_weeks,price_0.005,base,1880,-344.2492433244682,0.20342077127657984
H1,two_weeks,price_0.005,stress,1880,-1148.7797745212763,-75.63731803191489
H1,two_weeks,price_0.005,adverse_funding,1880,-1344.4408915606532,-95.8451736018765
H1,two_weeks,q_0.5,low,1880,78.35618300532221,36.51938675531924
H1,two_weeks,q_0.5,base,1880,-452.89833622340154,8.519386755319243
H1,two_weeks,q_0.5,stress,1880,-1571.1802998936146,-67.46607755319137
H1,two_weeks,q_0.5,adverse_funding,1880,-1538.5635014534978,-68.34891871857138
H1,two_weeks,q_0.75,low,1880,-302.1208836436172,-37.977019095744744
H1,two_weeks,q_0.75,base,1880,-452.4398733776598,-65.97701909574474
H1,two_weeks,q_0.75,stress,1880,-796.9577955851066,-141.81578819148942
H1,two_weeks,q_0.75,adverse_funding,1880,-1225.3190246224883,-228.66053100842203
H1,two_weeks,q_0.9,low,1880,-413.60676531914913,-132.15621625000009
H1,two_weeks,q_0.9,base,1880,-482.632386702128,-160.15621625000009
H1,two_weeks,q_0.9,stress,1880,-643.7454301595748,-235.76685271276602
H1,two_weeks,q_0.9,adverse_funding,1880,-976.5061742593826,-377.2212924541963
H1,two_weeks,selected_atrD,low,1880,67.79747960106445,37.33373159574474
H1,two_weeks,selected_atrD,base,1880,-392.54766768616963,9.333731595744734
H1,two_weeks,selected_atrD,stress,1880,-1387.9285183510628,-66.58705276595738
H1,two_weeks,selected_atrD,adverse_funding,1880,-1443.3146977766382,-72.90856124516716
H1,two_weeks,selected_atrH,low,1880,-31.15491377659502,31.358956569148905
H1,two_weeks,selected_atrH,base,1880,-487.3326312234037,3.3589565691488983
H1,two_weeks,selected_atrH,stress,1880,-1512.528258989361,-72.60894324468086
H1,two_weeks,selected_atrH,adverse_funding,1880,-1538.3901307029705,-78.32217935686937
H1,two_weeks,selected_combo,low,1878,-21.411939137379473,31.6722684504792
H1,two_weeks,selected_combo,base,1878,-477.9103542598503,3.6722684504791965
H1,two_weeks,selected_combo,stress,1878,-1505.4182533013836,-72.22547907348245
H1,two_weeks,selected_combo,adverse_funding,1878,-1529.038556031861,-78.06013501098862
H1,two_weeks,selected_fixed,low,1880,14.308885505318996,28.69757856382975
H1,two_weeks,selected_fixed,base,1880,-290.9623887234045,0.6975785638297508
H1,two_weeks,selected_fixed,stress,1880,-1021.4011601595744,-74.96746521276596
H1,two_weeks,selected_fixed,adverse_funding,1880,-1258.6727390458777,-100.26574553930261
H1,two_weeks,selected_price,low,1880,-7.542879148936226,28.203420771276583
H1,two_weeks,selected_price,base,1880,-344.2492433244682,0.20342077127657984
H1,two_weeks,selected_price,stress,1880,-1148.7797745212763,-75.63731803191489
H1,two_weeks,selected_price,adverse_funding,1880,-1344.4408915606532,-95.8451736018765
H1,two_weeks,selected_q,low,1880,-413.60676531914913,-132.15621625000009
H1,two_weeks,selected_q,base,1880,-482.632386702128,-160.15621625000009
H1,two_weeks,selected_q,stress,1880,-643.7454301595748,-235.76685271276602
H1,two_weeks,selected_q,adverse_funding,1880,-976.5061742593826,-377.2212924541963
H1,week,atrD_0.025,low,1955,-99.92044023017695,29.10450230179026
H1,week,atrD_0.025,base,1955,-886.1159572122748,1.1045023017902542
H1,week,atrD_0.025,stress,1955,-2452.4985348337586,-76.20417698209718
H1,week,atrD_0.025,adverse_funding,1955,-2039.6609931353594,-54.749021027191695
H1,week,atrD_0.05,low,1955,-100.74529145779888,23.722287979539608
H1,week,atrD_0.05,base,1955,-830.4666392071601,-4.277712020460395
H1,week,atrD_0.05,stress,1955,-2309.240025575447,-81.50670281329926
H1,week,atrD_0.05,adverse_funding,1955,-1959.5305868042228,-62.01153043504906
H1,week,atrD_0.1,low,1955,-4.422425703324518,25.807958695652047
H1,week,atrD_0.1,base,1955,-641.2481259079285,-2.192041304347958
H1,week,atrD_0.1,stress,1955,-1967.3128308439898,-78.8025378516625
H1,week,atrD_0.1,adverse_funding,1955,-1727.7581725550288,-64.49941053350278
H1,week,atrD_0.25,low,1955,-73.86422289002515,17.435001406649633
H1,week,atrD_0.25,base,1955,-526.4211803324804,-10.56499859335037
H1,week,atrD_0.25,stress,1955,-1513.0521749360607,-86.45382327365725
H1,week,atrD_0.25,adverse_funding,1955,-1514.2328268978815,-85.35426219057851
H1,week,atrH_0.1,low,1955,-97.42402877237406,29.08048693094628
H1,week,atrH_0.1,base,1955,-890.3014155242937,1.0804869309462841
H1,week,atrH_0.1,stress,1955,-2455.00545554987,-76.17793662404091
H1,week,atrH_0.1,adverse_funding,1955,-2041.5775815624672,-54.44614266934855
H1,week,atrH_0.25,low,1955,-119.51096754475661,24.12822918158556
H1,week,atrH_0.25,base,1955,-826.3763452173915,-3.871770818414445
H1,week,atrH_0.25,stress,1955,-2263.422932941177,-80.92053396419446
H1,week,atrH_0.25,adverse_funding,1955,-1941.6998744513712,-62.566712234921255
H1,week,atrH_0.5,low,1955,-67.06707120204484,22.033116751918094
H1,week,atrH_0.5,base,1955,-656.5004324552419,-5.9668832480819045
H1,week,atrH_0.5,stress,1955,-1936.046875140664,-82.3793163682865
H1,week,atrH_0.5,adverse_funding,1955,-1719.7145284702085,-69.66628386044219
H1,week,atrH_1,low,1955,-175.27525130434714,10.555237365728843
H1,week,atrH_1,base,1955,-623.7275434782605,-17.444762634271154
H1,week,atrH_1,stress,1955,-1638.106243120204,-93.38160710997445
H1,week,atrH_1,adverse_funding,1955,-1611.4374997126606,-91.59532352831657
H1,week,combo_0.25_1,low,1953,-110.017693010752,24.30779004096251
H1,week,combo_0.25_1,base,1953,-817.5089875576037,-3.692209959037496
H1,week,combo_0.25_1,stress,1953,-2256.723854121864,-80.64044654377889
H1,week,combo_0.25_1,adverse_funding,1953,-1932.4459397979247,-62.416144024417676
H1,week,combo_0.5_2,low,1953,-58.033080440346815,22.242284203788984
H1,week,combo_0.5_2,base,1953,-647.9019628520216,-5.757715796211017
H1,week,combo_0.5_2,stress,1953,-1929.9611976958515,-82.10378284690223
H1,week,combo_0.5_2,adverse_funding,1953,-1710.913238969723,-69.4893654320692
H1,week,combo_1_2,low,1953,-166.05401950844782,10.835212928827389
H1,week,combo_1_2,base,1953,-614.8067824372755,-17.164787071172608
H1,week,combo_1_2,stress,1953,-1631.3978792114688,-93.03414147465439
H1,week,combo_1_2,adverse_funding,1953,-1602.519853786227,-91.35693489891506
H1,week,fixed_0,low,1955,-265.41546457799797,27.760221534526796
H1,week,fixed_0,base,1955,-1124.417282864447,-0.23977846547321024
H1,week,fixed_0,stress,1955,-2762.3345413810725,-77.7158382608696
H1,week,fixed_0,adverse_funding,1955,-2311.079315610433,-53.04296969430833
H1,week,fixed_0.01,low,1955,-149.37379861892185,30.64376664961633
H1,week,fixed_0.01,base,1955,-989.33225414322,2.643766649616337
H1,week,fixed_0.01,stress,1955,-2621.9346071099726,-74.91312143222507
H1,week,fixed_0.01,adverse_funding,1955,-2164.36302618745,-50.98090453236008
H1,week,fixed_0.03,low,1955,-116.66374360613685,29.237049565217344
H1,week,fixed_0.03,base,1955,-908.3672280051145,1.2370495652173399
H1,week,fixed_0.03,stress,1955,-2469.8390131969304,-76.06195202046038
H1,week,fixed_0.03,adverse_funding,1955,-2058.924721145448,-54.196640297403434
H1,week,fixed_0.05,low,1955,-247.65747749360304,22.421361023017898
H1,week,fixed_0.05,base,1955,-975.9042970076704,-5.578638976982103
H1,week,fixed_0.05,stress,1955,-2455.251382455241,-82.81244930946289
H1,week,fixed_0.05,adverse_funding,1955,-2102.9970195716387,-62.47059161826869
H1,week,fixed_0.1,low,1955,-33.26487046035862,23.220405524296602
H1,week,fixed_0.1,base,1955,-682.664579616369,-4.779594475703401
H1,week,fixed_0.1,stress,1955,-2031.0535768797954,-81.49044214833764
H1,week,fixed_0.1,adverse_funding,1955,-1767.7701895865605,-65.68439463338906
H1,week,fixed_0.2,low,1955,-98.13675583120265,16.68598493606132
H1,week,fixed_0.2,base,1955,-601.6073570076733,-11.314015063938685
H1,week,fixed_0.2,stress,1955,-1708.2880314578008,-87.5544393350384
H1,week,fixed_0.2,adverse_funding,1955,-1611.853610476284,-79.69866120059562
H1,week,fixed_0.5,low,1955,-89.10348982097194,9.812723785166222
H1,week,fixed_0.5,base,1955,-391.756685140665,-18.187276214833783
H1,week,fixed_0.5,stress,1955,-1124.2556494629157,-93.89216879795397
H1,week,fixed_0.5,adverse_funding,1955,-1276.0464521618358,-107.89211668336179
H1,week,price_0.0005,low,1955,-188.25395890025314,24.463473427109943
H1,week,price_0.0005,base,1955,-935.2146965473128,-3.536526572890058
H1,week,price_0.0005,stress,1955,-2433.281642148336,-80.68467462915602
H1,week,price_0.0005,adverse_funding,1955,-2069.523951426924,-60.341676562500034
H1,week,price_0.001,low,1955,-93.35476017902495,22.060536854219958
H1,week,price_0.001,base,1955,-758.7483807416857,-5.939463145780042
H1,week,price_0.001,stress,1955,-2141.049182352939,-82.71393396419433
H1,week,price_0.001,adverse_funding,1955,-1852.690487277959,-66.1471188110673
H1,week,price_0.002,low,1955,-173.5420337340137,16.26667332480819
H1,week,price_0.002,base,1955,-696.422026317134,-11.733326675191806
H1,week,price_0.002,stress,1955,-1852.959488030689,-87.94404465473143
H1,week,price_0.002,adverse_funding,1955,-1719.0780225407595,-78.1089476271372
H1,week,price_0.005,low,1955,-96.62944102301783,10.758027033248078
H1,week,price_0.005,base,1955,-432.7122609462915,-17.241972966751923
H1,week,price_0.005,stress,1955,-1233.2246522250634,-93.13766460358055
H1,week,price_0.005,adverse_funding,1955,-1352.6830671696505,-103.05482311487638
H1,week,q_0.5,low,1955,-98.9266592838855,18.767534705882355
H1,week,q_0.5,base,1955,-640.2237738874667,-9.23246529411765
H1,week,q_0.5,stress,1955,-1807.3984426598452,-85.41258276214832
H1,week,q_0.5,adverse_funding,1955,-1676.818786886099,-76.8858445580835
H1,week,q_0.75,low,1955,-297.204401099744,-27.472357519181557
H1,week,q_0.75,base,1955,-493.84953544757013,-55.47235751918156
H1,week,q_0.75,stress,1955,-989.8385185166236,-131.15840301790277
H1,week,q_0.75,adverse_funding,1955,-1234.4731898135121,-169.87603236892582
H1,week,q_0.9,low,1955,-290.315285831202,-69.90430434782608
H1,week,q_0.9,base,1955,-383.81040258312015,-97.90430434782607
H1,week,q_0.9,stress,1955,-647.2636338107415,-173.80376982097184
H1,week,q_0.9,adverse_funding,1955,-854.8742652926968,-241.86373774509804
H1,week,selected_atrD,low,1955,-73.86422289002515,17.435001406649633
H1,week,selected_atrD,base,1955,-526.4211803324804,-10.56499859335037
H1,week,selected_atrD,stress,1955,-1513.0521749360607,-86.45382327365725
H1,week,selected_atrD,adverse_funding,1955,-1514.2328268978815,-85.35426219057851
H1,week,selected_atrH,low,1955,-175.27525130434714,10.555237365728843
H1,week,selected_atrH,base,1955,-623.7275434782605,-17.444762634271154
H1,week,selected_atrH,stress,1955,-1638.106243120204,-93.38160710997445
H1,week,selected_atrH,adverse_funding,1955,-1611.4374997126606,-91.59532352831657
H1,week,selected_combo,low,1953,-166.05401950844782,10.835212928827389
H1,week,selected_combo,base,1953,-614.8067824372755,-17.164787071172608
H1,week,selected_combo,stress,1953,-1631.3978792114688,-93.03414147465439
H1,week,selected_combo,adverse_funding,1953,-1602.519853786227,-91.35693489891506
H1,week,selected_fixed,low,1955,-89.10348982097194,9.812723785166222
H1,week,selected_fixed,base,1955,-391.756685140665,-18.187276214833783
H1,week,selected_fixed,stress,1955,-1124.2556494629157,-93.89216879795397
H1,week,selected_fixed,adverse_funding,1955,-1276.0464521618358,-107.89211668336179
H1,week,selected_price,low,1955,-96.62944102301783,10.758027033248078
H1,week,selected_price,base,1955,-432.7122609462915,-17.241972966751923
H1,week,selected_price,stress,1955,-1233.2246522250634,-93.13766460358055
H1,week,selected_price,adverse_funding,1955,-1352.6830671696505,-103.05482311487638
H1,week,selected_q,low,1955,-290.315285831202,-69.90430434782608
H1,week,selected_q,base,1955,-383.81040258312015,-97.90430434782607
H1,week,selected_q,stress,1955,-647.2636338107415,-173.80376982097184
H1,week,selected_q,adverse_funding,1955,-854.8742652926968,-241.86373774509804
