phase,tf,horizon,method,scenario,n,mean_RUB,mean_R,median_RUB,one_contract_RUB,stop_pct,false_stop_pct,false_given_stop_pct,loss_median_RUB,p01_RUB,worst_RUB,exceed_nominal_risk_pct,qty_median,zero_qty,buffer_median,ambiguous5,unresolved1,missing_spread_events,missing_funding_events,ci_low_base,ci_high_base,month_blocks,optimistic_mean_base
all_oos,D1,four_weeks,fixed_0.01,base,153,1876.1187379084847,0.18761187379084848,-4611.291299999982,236.16720326797287,49.673202614379086,9.803921568627452,19.736842105263158,-9358.840000000113,-14176.689051999972,-15459.78140000013,18.30065359477124,8.0,0,0.010000000000005116,0,0,112,0,591.2436945805182,3222.172414849761,30,1876.1187379084847
all_oos,D1,four_weeks,fixed_0.05,base,153,1838.5071895424667,0.18385071895424668,-2492.2800000000134,244.5727114379074,49.01960784313725,9.803921568627452,20.0,-9308.747200000123,-13893.862104000007,-14875.511300000016,16.99346405228758,7.0,0,0.04999999999999716,0,0,112,0,591.8542861284435,3156.1727109642748,30,1838.5071895424667
all_oos,D1,four_weeks,fixed_0.1,base,153,1525.3686545751518,0.15253686545751519,-2492.2800000000134,219.0840947712409,49.01960784313725,9.803921568627452,20.0,-9231.614600000084,-13802.916831999995,-14331.24119999998,13.725490196078432,7.0,0,0.09999999999999432,0,0,112,0,349.5850392938636,2781.494940380113,30,1525.3686545751518
all_oos,D1,two_weeks,fixed_0.01,base,165,1173.0528633333192,0.11730528633333193,-2814.6899999999787,107.65553030302935,43.63636363636363,7.2727272727272725,16.666666666666668,-9260.92504999999,-13265.298976,-15459.78140000013,15.151515151515152,8.0,0,0.010000000000005116,0,0,119,0,115.76709579395919,2201.3647977747123,33,1173.0528633333192
all_oos,D1,two_weeks,fixed_0.05,base,165,974.0380630302857,0.09740380630302857,-2814.6899999999787,90.06900606060493,43.63636363636363,7.2727272727272725,16.666666666666668,-9186.364525000092,-13554.769680000045,-14875.511300000016,13.939393939393941,7.0,0,0.04999999999999716,0,0,119,0,-78.18641909579677,1981.9712964451974,33,974.0380630302857
all_oos,D1,two_weeks,fixed_0.1,base,165,705.2203903030179,0.07052203903030178,-2662.5737999999737,69.66772454545365,42.42424242424242,7.2727272727272725,17.142857142857142,-9130.807300000015,-13442.765567999946,-14331.24119999998,11.515151515151516,7.0,0,0.09999999999999432,0,0,119,0,-288.99150484597084,1667.6014051829811,33,705.2203903030179
all_oos,H1,four_weeks,fixed_0.01,base,1744,-825.8840678899056,-0.08258840678899056,-9407.353000000392,19.89459168577974,62.67201834862385,43.23394495412844,68.98444647758463,-9845.524500000056,-15663.976156500019,-28610.614899999,17.83256880733945,29.0,0,0.010000000000005116,4,2,93,0,-1342.6797242184423,-332.0486471488852,32,-814.347370642198
all_oos,H1,four_weeks,fixed_0.05,base,1744,-810.6546964736194,-0.08106546964736194,-8394.270050000046,12.583390768348652,59.63302752293578,40.25229357798165,67.5,-9835.840799999633,-14881.642461000003,-21415.209899999863,17.31651376146789,26.0,0,0.04999999999999716,2,1,86,0,-1281.30040413,-348.45936995972306,32,-801.5606597763721
all_oos,H1,four_weeks,fixed_0.1,base,1744,-477.6441930619266,-0.047764419306192664,-7367.011725000012,16.007338732798086,54.93119266055045,35.607798165137616,64.82254697286012,-9790.8083000003,-14159.031795999941,-17529.54780000008,15.711009174311927,23.0,0,0.09999999999999432,0,0,78,0,-956.7365049393477,-15.823851490289261,32,-477.6441930619266
all_oos,H1,two_weeks,fixed_0.01,base,1880,-891.3390329521243,-0.08913390329521242,-9398.199925000365,14.918715239361672,62.65957446808511,37.18085106382979,59.33786078098472,-9845.335799999822,-15567.344794499897,-28610.614899999,17.819148936170212,28.0,0,0.010000000000005116,5,2,102,0,-1400.9755684464596,-393.88824741407655,33,-880.6369052925488
all_oos,H1,two_weeks,fixed_0.05,base,1880,-888.3057424734014,-0.08883057424734014,-8459.830650000047,5.854530930851087,59.680851063829785,34.308510638297875,57.48663101604278,-9831.727499999877,-14871.729033000098,-21415.209899999863,17.074468085106385,25.0,0,0.04999999999999716,3,1,94,0,-1345.2606006241044,-412.9980844273141,33,-879.8695722606358
all_oos,H1,two_weeks,fixed_0.1,base,1880,-568.801368164894,-0.0568801368164894,-7485.088899999926,8.353659281914831,55.1063829787234,29.78723404255319,54.054054054054056,-9789.02730000019,-14153.03318799989,-17529.54780000008,15.585106382978722,22.0,0,0.09999999999999432,2,0,84,0,-1006.5149825671347,-110.29475519752472,33,-568.801368164894
