tf,horizon,method,netR_base,netR_prev_rate,netR_next_rate,netR_plus10min
D1,four_weeks,atrD_0.025,1898.254580065344,1882.5521617646903,1949.1670637254747,1898.254580065344
D1,four_weeks,atrD_0.05,1838.4569075163283,1827.333247385609,1891.5271689542365,1838.4569075163283
D1,four_weeks,atrD_0.1,1833.586813071883,1861.5407999999873,1876.832630065347,1833.586813071883
D1,four_weeks,atrD_0.25,1061.9710480392093,1066.055427124176,1104.6856885620848,1061.9710480392093
D1,four_weeks,atrH_0.1,1873.617088562077,1857.3070232025993,1927.6093107842987,1873.617088562077
D1,four_weeks,atrH_0.25,1768.6032607843015,1755.9725418300527,1818.8141104575038,1768.6032607843015
D1,four_weeks,atrH_0.5,1701.2795905228652,1728.924034967309,1746.0512245097927,1701.2795905228652
D1,four_weeks,atrH_1,1130.781944117641,1125.8514866013004,1177.4734473856147,1130.781944117641
D1,four_weeks,combo_0.25_1,5503.573242682902,5522.668120731683,5465.594218292657,5503.573242682902
D1,four_weeks,combo_0.5_2,4682.093098780471,4737.574806097546,4658.272367073155,4682.093098780471
D1,four_weeks,combo_1_2,4221.122223170725,4223.626857317068,4225.9410036585305,4221.122223170725
D1,four_weeks,fixed_0,1932.0530725490037,1917.1831379084806,1986.2569941176307,1932.0530725490037
D1,four_weeks,fixed_0.01,1876.1187379084847,1863.9184764705756,1928.3539013071772,1876.1187379084847
D1,four_weeks,fixed_0.03,1895.5109790849506,1879.804639215669,1948.1110444444273,1895.5109790849506
D1,four_weeks,fixed_0.05,1838.5071895424671,1833.6054248365842,1887.3568627450811,1838.5071895424671
D1,four_weeks,fixed_0.1,1525.3686545751518,1529.3843408496614,1573.7697656862626,1525.3686545751518
D1,four_weeks,fixed_0.2,1342.2618588235168,1353.0498980392024,1377.9290483660002,1342.2618588235168
D1,four_weeks,fixed_0.5,654.2228274509716,642.1676640522785,690.571520261429,654.2228274509716
D1,four_weeks,price_0.0005,1851.9011483659965,1846.3849392156694,1900.1653967320096,1851.9011483659965
D1,four_weeks,price_0.001,1713.9781637254782,1718.7216277777654,1764.915680065347,1713.9781637254782
D1,four_weeks,price_0.002,1339.892677777762,1360.495030718938,1379.8698019607682,1339.892677777762
D1,four_weeks,price_0.005,627.6606026143694,616.064328104565,679.3468771241728,628.2362888888792
D1,four_weeks,q_0.5,1867.8744212418146,1852.7172970588078,1922.317493137239,1867.8744212418146
D1,four_weeks,q_0.75,-84.46443627451292,-68.92554738562413,-79.91123366013404,-84.46443627451292
D1,four_weeks,q_0.9,-629.3780111111126,-633.3416058823545,-633.2487300653611,-629.3780111111126
D1,four_weeks,selected_atrD,1286.5887408496617,1312.4416166666547,1330.8112898692693,1286.5887408496617
D1,four_weeks,selected_atrH,1271.0732434640408,1279.8370343137133,1321.6534395424717,1271.0732434640408
D1,four_weeks,selected_combo,4406.591410975593,4408.748240243887,4397.6077524390075,4406.591410975593
D1,four_weeks,selected_fixed,1055.3694316993333,1049.5794970588101,1110.407797712405,1055.3694316993333
D1,four_weeks,selected_price,1550.0530179738444,1553.9319068627328,1601.1337369280923,1550.0530179738444
D1,four_weeks,selected_q,-629.3780111111126,-633.3416058823545,-633.2487300653611,-629.3780111111126
D1,intraday,atrD_0.025,-345.4714494535588,-345.4714494535588,-345.4714494535588,-345.4714494535588
D1,intraday,atrD_0.05,-338.6611751366155,-338.6611751366155,-338.6611751366155,-338.6611751366155
D1,intraday,atrD_0.1,-321.94883907104224,-321.94883907104224,-321.94883907104224,-321.94883907104224
D1,intraday,atrD_0.25,-202.35038497267917,-202.35038497267917,-202.35038497267917,-202.35038497267917
D1,intraday,atrH_0.1,-328.2749103825213,-328.2749103825213,-328.2749103825213,-328.2749103825213
D1,intraday,atrH_0.25,-328.199378415304,-328.199378415304,-328.199378415304,-328.199378415304
D1,intraday,atrH_0.5,-314.22555546448524,-314.22555546448524,-314.22555546448524,-314.22555546448524
D1,intraday,atrH_1,-265.63834672131316,-265.63834672131316,-265.63834672131316,-265.63834672131316
D1,intraday,combo_0.25_1,299.9207901785633,299.9207901785633,299.9207901785633,299.9207901785633
D1,intraday,combo_0.5_2,274.0112517857077,274.0112517857077,274.0112517857077,274.0112517857077
D1,intraday,combo_1_2,422.2622464285672,422.2622464285672,422.2622464285672,422.2622464285672
D1,intraday,fixed_0,-320.7300765027351,-320.7300765027351,-320.7300765027351,-320.7300765027351
D1,intraday,fixed_0.01,-316.20374043716123,-316.20374043716123,-316.20374043716123,-316.20374043716123
D1,intraday,fixed_0.03,-332.5757576502778,-332.5757576502778,-332.5757576502778,-332.5757576502778
D1,intraday,fixed_0.05,-345.9212800546515,-345.9212800546515,-345.9212800546515,-345.9212800546515
D1,intraday,fixed_0.1,-336.01769180328387,-336.01769180328387,-336.01769180328387,-336.01769180328387
D1,intraday,fixed_0.2,-166.03852732240733,-166.03852732240733,-166.03852732240733,-166.03852732240733
D1,intraday,fixed_0.5,-158.33472103825372,-158.33472103825372,-158.33472103825372,-158.33472103825372
D1,intraday,price_0.0005,-345.9522797814262,-345.9522797814262,-345.9522797814262,-345.9522797814262
D1,intraday,price_0.001,-337.93242622951107,-337.93242622951107,-337.93242622951107,-337.93242622951107
D1,intraday,price_0.002,-343.9301106557427,-343.9301106557427,-343.9301106557427,-343.9301106557427
D1,intraday,price_0.005,-149.677094535521,-149.677094535521,-149.677094535521,-149.677094535521
D1,intraday,q_0.5,-320.7300765027351,-320.7300765027351,-320.7300765027351,-320.7300765027351
D1,intraday,q_0.75,-320.7300765027351,-320.7300765027351,-320.7300765027351,-320.7300765027351
D1,intraday,q_0.9,-320.7300765027351,-320.7300765027351,-320.7300765027351,-320.7300765027351
D1,intraday,selected_atrD,-350.3217180327912,-350.3217180327912,-350.3217180327912,-350.3217180327912
D1,intraday,selected_atrH,-358.4483180327936,-358.4483180327936,-358.4483180327936,-358.4483180327936
D1,intraday,selected_combo,261.3019571428495,261.3019571428495,261.3019571428495,261.3019571428495
D1,intraday,selected_fixed,-342.0615120218617,-342.0615120218617,-342.0615120218617,-342.0615120218617
D1,intraday,selected_price,-364.033518032792,-364.033518032792,-364.033518032792,-364.033518032792
D1,intraday,selected_q,-320.7300765027351,-320.7300765027351,-320.7300765027351,-320.7300765027351
D1,two_weeks,atrD_0.025,1028.811899393923,977.6523842424075,1040.148505454529,1028.811899393923
D1,two_weeks,atrD_0.05,966.5112063636226,920.6303578787737,981.4165396969557,966.5112063636226
D1,two_weeks,atrD_0.1,954.5141560605927,946.5588833333194,962.7941560605924,954.5141560605927
D1,two_weeks,atrD_0.25,413.93752666665927,399.2756478787799,432.7397690909015,413.93752666665927
D1,two_weeks,atrH_0.1,1033.0197715151346,981.098923030286,1046.9328018181648,1033.0197715151346
D1,two_weeks,atrH_0.25,934.5513199999882,887.664835151503,947.0731381818063,934.5513199999882
D1,two_weeks,atrH_0.5,845.8480933333235,838.6487599999898,858.1731236363536,845.8480933333235
D1,two_weeks,atrH_1,471.43763181817536,450.5883590909019,495.1228439393871,471.43763181817536
D1,two_weeks,combo_0.25_1,3827.5382858695393,3826.339155434758,3755.7015467391047,3827.5382858695393
D1,two_weeks,combo_0.5_2,3136.3730999999825,3167.6980999999832,3079.3657086956346,3136.3730999999825
D1,two_weeks,combo_1_2,2891.1485836956417,2878.016409782599,2862.573801086946,2891.1485836956417
D1,two_weeks,fixed_0,1226.333783333316,1170.6669348484672,1239.1614803030127,1226.333783333316
D1,two_weeks,fixed_0.01,1173.0528633333192,1120.2482572727129,1184.4418936363493,1173.0528633333192
D1,two_weeks,fixed_0.03,1040.3591181818,988.9931181817997,1053.7166333333153,1040.3591181818
D1,two_weeks,fixed_0.05,974.0380630302855,933.5299418181642,985.1962448484671,974.0380630302855
D1,two_weeks,fixed_0.1,705.2203903030178,675.0257842424114,716.682450909078,705.2203903030178
D1,two_weeks,fixed_0.2,586.8041348484712,573.7969227272583,595.98904393938,586.8041348484712
D1,two_weeks,fixed_0.5,115.8181290909005,91.30303818180916,131.34994727271845,115.8181290909005
D1,two_weeks,price_0.0005,984.124390303013,942.324208484831,994.0174206060432,984.124390303013
D1,two_weeks,price_0.001,855.5840396969551,825.2622215151367,868.2196760605912,855.5840396969551
D1,two_weeks,price_0.002,560.4602390908929,546.938481515135,567.4006027272562,560.4602390908929
D1,two_weeks,price_0.005,129.60477878786887,106.7599303030199,156.99399090908057,130.1385969696871
D1,two_weeks,q_0.5,1226.333783333316,1170.6669348484672,1239.1614803030127,1226.333783333316
D1,two_weeks,q_0.75,47.27937999999389,40.4304709090843,75.52350121211477,47.27937999999389
D1,two_weeks,q_0.9,-283.9630857575784,-275.0259342424268,-279.2993281818209,-283.9630857575784
D1,two_weeks,selected_atrD,599.8717263636246,590.2691809090786,612.6428172727154,599.8717263636246
D1,two_weeks,selected_atrH,684.0426181818059,625.5938303030175,705.363951515139,684.0426181818059
D1,two_weeks,selected_combo,3134.3061771738935,3119.631177173894,3093.429220652154,3134.3061771738935
D1,two_weeks,selected_fixed,651.5995151515012,605.8213939393795,668.8117575757433,651.5995151515012
D1,two_weeks,selected_price,742.6250075757434,711.5286439393795,755.3987651515008,742.6250075757434
D1,two_weeks,selected_q,-283.9630857575784,-275.0259342424268,-279.2993281818209,-283.9630857575784
D1,week,atrD_0.025,389.36791763004055,364.4651430635662,379.5750274566303,389.36791763004055
D1,week,atrD_0.05,366.7033768785996,346.68187398842593,361.6800820809121,366.7033768785996
D1,week,atrD_0.1,314.3429803468065,328.4828069364014,310.1051768785985,314.3429803468065
D1,week,atrD_0.25,85.94052398843205,99.81162225432726,77.75156445086004,85.94052398843205
D1,week,atrH_0.1,411.42586184969275,385.4623358381317,404.3004861271496,411.42586184969275
D1,week,atrH_0.25,370.89436502888896,348.56320895952445,364.2191627167506,370.89436502888896
D1,week,atrH_0.5,209.83656502889133,224.68488872831276,210.1366228323596,209.83656502889133
D1,week,atrH_1,62.121953468199614,62.643629768776925,63.73108641617657,62.121953468199614
D1,week,combo_0.25_1,2065.8683317307455,2071.368139423054,2049.2539086538227,2065.8683317307455
D1,week,combo_0.5_2,1589.7044480769046,1624.6767557692126,1582.74906346152,1589.7044480769046
D1,week,combo_1_2,1707.9671884615261,1710.418534615373,1708.0394961538336,1707.9671884615261
D1,week,fixed_0,566.1409846820657,536.1927187861116,559.416302601141,566.1409846820657
D1,week,fixed_0.01,512.4147650288888,485.33262630056487,504.0370193641492,512.4147650288888
D1,week,fixed_0.03,398.4109130057635,372.9710864161679,390.76455462426094,398.4109130057635
D1,week,fixed_0.05,391.93315346819014,376.46402052021296,386.2556968207915,391.93315346819014
D1,week,fixed_0.1,179.89245260114245,173.1241867051883,177.14476473987094,179.89245260114245
D1,week,fixed_0.2,161.02598063582533,178.9291020231078,147.95355289016084,161.02598063582533
D1,week,fixed_0.5,-71.09627832370819,-64.01830144509626,-77.16176965318793,-71.09627832370819
D1,week,price_0.0005,399.5877205202142,382.8862754335087,392.7036164739716,399.5877205202142
D1,week,price_0.001,231.39553439304981,224.64397369940787,229.3229332369806,231.39553439304981
D1,week,price_0.002,24.475800289001704,35.386725144492594,19.464817630042283,24.475800289001704
D1,week,price_0.005,-95.08366676301527,-83.00782861272701,-96.90678815029847,-94.57453381503838
D1,week,q_0.5,566.1409846820657,536.1927187861116,559.416302601141,566.1409846820657
D1,week,q_0.75,40.02508323698593,52.17618150288123,36.42323352600345,40.02508323698593
D1,week,q_0.9,-55.4126635838204,-54.33670982659528,-57.21832832370482,-55.4126635838204
D1,week,selected_atrD,152.57439537570963,134.36734335258777,143.89410635836884,152.57439537570963
D1,week,selected_atrH,224.02889942195102,195.33676069362693,218.78387052021714,224.02889942195102
D1,week,selected_combo,1773.176547115365,1774.558085576904,1762.4969317307493,1773.176547115365
D1,week,selected_fixed,184.62313757224155,168.04018959536236,177.1597271676173,184.62313757224155
D1,week,selected_price,284.7792231213711,266.0593965317754,290.2273734103887,284.7792231213711
D1,week,selected_q,307.3766442196438,289.96225115605955,298.08733786126226,307.3766442196438
H1,four_weeks,atrD_0.025,-693.7381162557326,-691.7993031823374,-731.5950084575669,-692.7070268061914
H1,four_weeks,atrD_0.05,-626.788045441513,-636.9041635607786,-661.6958092029804,-625.47467388188
H1,four_weeks,atrD_0.1,-431.13615206421895,-427.80227591742954,-445.0722071100897,-426.4281589449529
H1,four_weeks,atrD_0.25,-362.936902666284,-350.02310106077925,-362.19122032683424,-362.1372639048161
H1,four_weeks,atrH_0.1,-704.8425865252259,-700.1274718463262,-745.7611989105463,-704.8325062499966
H1,four_weeks,atrH_0.25,-618.4947295584852,-616.7701653383012,-646.151077035549,-612.3410368979347
H1,four_weeks,atrH_0.5,-397.0535159403652,-384.1859012614655,-413.1992441513736,-396.5880686926588
H1,four_weeks,atrH_1,-440.59101304472387,-418.7261391915125,-445.63128827408116,-439.79137428325595
H1,four_weeks,combo_0.25_1,-608.3146418771514,-606.5880976750843,-636.0027417623404,-602.1538841274385
H1,four_weeks,combo_0.5_2,-387.1156830080348,-374.2332949483326,-403.27994822043354,-386.64970137772474
H1,four_weeks,combo_1_2,-430.37946346153745,-408.48948642364974,-435.42552545924076,-429.578906630309
H1,four_weeks,fixed_0,-929.4672002580248,-948.7250328268318,-969.4372002580244,-931.2146601204103
H1,four_weeks,fixed_0.01,-825.8840678899056,-828.1914933486206,-861.9604325688041,-828.5998419724743
H1,four_weeks,fixed_0.03,-720.9263762041279,-718.1993521215584,-760.6335952408247,-721.981250057339
H1,four_weeks,fixed_0.05,-810.6546964736195,-802.5267664277474,-834.1637274369216,-798.9459866112342
H1,four_weeks,fixed_0.1,-477.6441930619266,-480.4635336582563,-497.34466897935704,-476.86972058486236
H1,four_weeks,fixed_0.2,-371.57525630733954,-348.76056594036675,-375.5584271788987,-370.3345452981652
H1,four_weeks,fixed_0.5,-274.9421843176607,-275.5537267488535,-274.19257422591755,-274.655016886468
H1,four_weeks,price_0.0005,-756.8837959288957,-750.7757798738493,-787.8140883600878,-751.9484232224737
H1,four_weeks,price_0.001,-544.8938929185748,-541.4255328268312,-570.3624938360052,-546.3177002580243
H1,four_weeks,price_0.002,-458.4096490825665,-439.268049311924,-458.2272924311899,-456.8796490825665
H1,four_weeks,price_0.005,-312.78100083142226,-306.5911155103214,-309.88779555619277,-312.9887645928902
H1,four_weeks,q_0.5,-410.92104171444777,-385.32801419151167,-413.5546082282087,-411.3270279529799
H1,four_weeks,q_0.75,-576.1080978497711,-580.1024040424315,-578.2620886754592,-576.5528799598628
H1,four_weeks,q_0.9,-609.7004477924315,-605.4914627006883,-607.9898629300462,-609.8877643061929
H1,four_weeks,selected_atrD,-362.936902666284,-350.02310106077925,-362.19122032683424,-362.1372639048161
H1,four_weeks,selected_atrH,-440.59101304472387,-418.7261391915125,-445.63128827408116,-439.79137428325595
H1,four_weeks,selected_combo,-430.37946346153745,-408.48948642364974,-435.42552545924076,-429.578906630309
H1,four_weeks,selected_fixed,-274.9421843176607,-275.5537267488535,-274.19257422591755,-274.655016886468
H1,four_weeks,selected_price,-312.78100083142226,-306.5911155103214,-309.88779555619277,-312.9887645928902
H1,four_weeks,selected_q,-609.7004477924315,-605.4914627006883,-607.9898629300462,-609.8877643061929
H1,intraday,atrD_0.025,-1656.4611119318297,-1656.4611119318297,-1656.4611119318297,-1656.4611119318297
H1,intraday,atrD_0.05,-1510.323159943193,-1510.323159943193,-1510.323159943193,-1510.323159943193
H1,intraday,atrD_0.1,-1366.7680767045547,-1366.7680767045547,-1366.7680767045547,-1366.7680767045547
H1,intraday,atrD_0.25,-929.2206332386337,-929.2206332386337,-929.2206332386337,-929.2206332386337
H1,intraday,atrH_0.1,-1662.4620931818315,-1662.4620931818315,-1662.4620931818315,-1662.4620931818315
H1,intraday,atrH_0.25,-1516.1620193181946,-1516.1620193181946,-1516.1620193181946,-1516.1620193181946
H1,intraday,atrH_0.5,-1252.7420863636437,-1252.7420863636437,-1252.7420863636437,-1252.7420863636437
H1,intraday,atrH_1,-1312.2887090909078,-1312.2887090909078,-1312.2887090909078,-1312.2887090909078
H1,intraday,combo_0.25_1,-1555.7230643678276,-1555.7230643678276,-1555.7230643678276,-1555.7230643678276
H1,intraday,combo_0.5_2,-1285.6853982758678,-1285.6853982758678,-1285.6853982758678,-1285.6853982758678
H1,intraday,combo_1_2,-1336.0396045977002,-1336.0396045977002,-1336.0396045977002,-1336.0396045977002
H1,intraday,fixed_0,-1863.536859943163,-1863.536859943163,-1863.536859943163,-1863.536859943163
H1,intraday,fixed_0.01,-1539.1133434659125,-1539.1133434659125,-1539.1133434659125,-1539.1133434659125
H1,intraday,fixed_0.03,-1693.6364906249996,-1693.6364906249996,-1693.6364906249996,-1693.6364906249996
H1,intraday,fixed_0.05,-1618.766273295463,-1618.766273295463,-1618.766273295463,-1618.766273295463
H1,intraday,fixed_0.1,-1339.1457769886445,-1339.1457769886445,-1339.1457769886445,-1339.1457769886445
H1,intraday,fixed_0.2,-1328.6138301136414,-1328.6138301136414,-1328.6138301136414,-1328.6138301136414
H1,intraday,fixed_0.5,-431.60270312499995,-431.60270312499995,-431.60270312499995,-431.60270312499995
H1,intraday,price_0.0005,-1597.7765613636557,-1597.7765613636557,-1597.7765613636557,-1597.7765613636557
H1,intraday,price_0.001,-1292.715819886369,-1292.715819886369,-1292.715819886369,-1292.715819886369
H1,intraday,price_0.002,-1395.6315156249966,-1395.6315156249966,-1395.6315156249966,-1395.6315156249966
H1,intraday,price_0.005,-618.3628568181825,-618.3628568181825,-618.3628568181825,-618.3628568181825
H1,intraday,q_0.5,-1863.536859943163,-1863.536859943163,-1863.536859943163,-1863.536859943163
H1,intraday,q_0.75,-1247.910407954549,-1247.910407954549,-1247.910407954549,-1247.910407954549
H1,intraday,q_0.9,-583.2881005681838,-583.2881005681838,-583.2881005681838,-583.2881005681838
H1,intraday,selected_atrD,-1239.0807767045414,-1239.0807767045414,-1239.0807767045414,-1239.0807767045414
H1,intraday,selected_atrH,-1401.7132031250053,-1401.7132031250053,-1401.7132031250053,-1401.7132031250053
H1,intraday,selected_combo,-1411.0947488505813,-1411.0947488505813,-1411.0947488505813,-1411.0947488505813
H1,intraday,selected_fixed,-431.60270312499995,-431.60270312499995,-431.60270312499995,-431.60270312499995
H1,intraday,selected_price,-618.3628568181825,-618.3628568181825,-618.3628568181825,-618.3628568181825
H1,intraday,selected_q,-583.2881005681838,-583.2881005681838,-583.2881005681838,-583.2881005681838
H1,two_weeks,atrD_0.025,-786.5798769414877,-794.7156801329766,-829.7886854521255,-785.6233769414877
H1,two_weeks,atrD_0.05,-721.928169601063,-738.3711430053179,-764.4765419414881,-720.7098078989353
H1,two_weeks,atrD_0.1,-509.99817635638254,-514.7821444414886,-532.6239316755308,-505.63076146276546
H1,two_weeks,atrD_0.25,-392.54766768616963,-383.89615704787167,-395.164029388297,-391.53470492021216
H1,two_weeks,atrH_0.1,-796.9350582712732,-802.6019944414854,-842.973781675528,-796.9257072074435
H1,two_weeks,atrH_0.25,-714.8228292287233,-720.2452973138294,-749.9923558244676,-709.1142973138296
H1,two_weeks,atrH_0.5,-482.14493337765794,-475.79915146276386,-502.5922472074445,-481.71315678191326
H1,two_weeks,atrH_1,-487.3326312234038,-469.00905143616956,-495.29752484042456,-486.3196684574463
H1,two_weeks,combo_0.25_1,-705.482543530351,-710.9107863418524,-740.6895243610215,-699.7679322417462
H1,two_weeks,combo_0.5_2,-473.0173923056425,-466.6648523695398,-493.48648176251083,-472.58515588391725
H1,two_weeks,combo_1_2,-477.91035425985035,-459.56726054313026,-485.8837301916923,-476.896312726304
H1,two_weeks,fixed_0,-1006.6124341223376,-1033.7603968882947,-1054.2394341223371,-1008.233481994678
H1,two_weeks,fixed_0.01,-891.3390329521244,-908.0082935904219,-935.9583627393578,-893.8583467819115
H1,two_weeks,fixed_0.03,-808.3770560904246,-816.0517741755305,-853.4843433244666,-809.3556199202118
H1,two_weeks,fixed_0.05,-888.3057424734013,-888.3500722606351,-920.4963914095711,-877.4440456648907
H1,two_weeks,fixed_0.1,-568.8013681648939,-578.908660718085,-597.2450968882976,-568.0829213563833
H1,two_weeks,fixed_0.2,-442.4704187499999,-425.6503336436166,-450.4492804521271,-441.3194613031914
H1,two_weeks,fixed_0.5,-290.9623887234045,-288.0582344680855,-292.4224685106385,-290.4248248936172
H1,two_weeks,price_0.0005,-846.6501678191464,-850.4365188829759,-883.8480082446779,-842.0718220744656
H1,two_weeks,price_0.001,-634.8231331116995,-637.9000692819119,-668.6222607712732,-636.1439416223378
H1,two_weeks,price_0.002,-525.705686781913,-514.4924899734021,-530.5340591223381,-524.2863676329769
H1,two_weeks,price_0.005,-344.2492433244681,-336.5257007712767,-345.28603587765946,-344.1708071542554
H1,two_weeks,q_0.5,-452.89833622340154,-430.12377771276306,-462.3234053723371,-451.5468415425505
H1,two_weeks,q_0.75,-452.4398733776598,-455.0633308244683,-449.47800635638316,-452.53520316489386
H1,two_weeks,q_0.9,-482.6323867021279,-479.7480250000002,-485.53529627659606,-482.8291420212768
H1,two_weeks,selected_atrD,-392.54766768616963,-383.89615704787167,-395.164029388297,-391.53470492021216
H1,two_weeks,selected_atrH,-487.3326312234038,-469.00905143616956,-495.29752484042456,-486.3196684574463
H1,two_weeks,selected_combo,-477.91035425985035,-459.56726054313026,-485.8837301916923,-476.896312726304
H1,two_weeks,selected_fixed,-290.9623887234045,-288.0582344680855,-292.4224685106385,-290.4248248936172
H1,two_weeks,selected_price,-344.2492433244681,-336.5257007712767,-345.28603587765946,-344.1708071542554
H1,two_weeks,selected_q,-482.6323867021279,-479.7480250000002,-485.53529627659606,-482.8291420212768
H1,week,atrD_0.025,-886.1159572122748,-899.3670058056248,-928.2599930179011,-885.1961515856764
H1,week,atrD_0.05,-830.4666392071604,-850.4382913810729,-872.2714627365718,-829.2950177237843
H1,week,atrD_0.1,-641.2481259079285,-650.1530005882352,-663.5633432992323,-637.048258900256
H1,week,atrD_0.25,-526.4211803324805,-519.0752570588231,-530.9831547570328,-525.4470780306901
H1,week,atrH_0.1,-890.3014155242936,-901.5574104092036,-935.399333682861,-890.2924231969279
H1,week,atrH_0.25,-826.3763452173915,-837.2664270588235,-860.180631662404,-821.1997007161127
H1,week,atrH_0.5,-656.500432455242,-653.1504733759577,-677.2946217135536,-656.0852201790273
H1,week,atrH_1,-623.7275434782604,-607.9411854219942,-633.6419117647049,-622.7534411764701
H1,week,combo_0.25_1,-817.5089875576037,-828.4102215565794,-851.3478918074754,-812.3270418330774
H1,week,combo_0.5_2,-647.9019628520216,-644.548573195083,-668.7174467229887,-647.4863253712227
H1,week,combo_1_2,-614.8067824372755,-599.0042581157187,-624.731303686635,-613.8316825908853
H1,week,fixed_0,-1124.4172828644469,-1153.321267519178,-1171.3799017902777,-1125.9761421994851
H1,week,fixed_0.01,-989.3322541432199,-1004.0837937851633,-1031.511553375956,-991.7549191048566
H1,week,fixed_0.03,-908.3672280051146,-921.1202356777484,-952.544419820971,-909.3082510230174
H1,week,fixed_0.05,-975.9042970076705,-981.568245856775,-1006.7034325575422,-965.4592893350363
H1,week,fixed_0.1,-682.664579616369,-695.0402778260872,-709.6153110741689,-681.9736947058831
H1,week,fixed_0.2,-601.6073570076733,-586.1165437084401,-612.2682674936063,-600.5005539386195
H1,week,fixed_0.5,-391.75668514066507,-389.8532529156012,-396.33727337595917,-391.2397439641945
H1,week,price_0.0005,-935.2146965473128,-944.8143282608673,-970.6208090792819,-930.8119906649598
H1,week,price_0.001,-758.7483807416857,-766.2375060613784,-791.5766518414295,-760.0185188491026
H1,week,price_0.002,-696.422026317134,-686.7003894884893,-703.7830032992309,-695.0571567519168
H1,week,price_0.005,-432.71226094629145,-426.9516982864449,-435.70148345268524,-432.63683383631707
H1,week,q_0.5,-640.2237738874666,-630.6980603324791,-652.4510526598447,-640.8741984398962
H1,week,q_0.75,-493.84953544757013,-496.34962240409186,-494.8379906905368,-494.3454229156008
H1,week,q_0.9,-383.81040258312015,-381.2374511764705,-385.5595330179027,-383.93598826086946
H1,week,selected_atrD,-526.4211803324805,-519.0752570588231,-530.9831547570328,-525.4470780306901
H1,week,selected_atrH,-623.7275434782604,-607.9411854219942,-633.6419117647049,-622.7534411764701
H1,week,selected_combo,-614.8067824372755,-599.0042581157187,-624.731303686635,-613.8316825908853
H1,week,selected_fixed,-391.75668514066507,-389.8532529156012,-396.33727337595917,-391.2397439641945
H1,week,selected_price,-432.71226094629145,-426.9516982864449,-435.70148345268524,-432.63683383631707
H1,week,selected_q,-383.81040258312015,-381.2374511764705,-385.5595330179027,-383.93598826086946
