model_fold,tf,horizon,method,value,train_n,train_last_expiry
0,D1,four_weeks,q_0.5,0.021916092673765177,97,2023-12-22 09:00:00
0,D1,four_weeks,q_0.75,2.3523360480068565,97,2023-12-22 09:00:00
0,D1,four_weeks,q_0.9,6.215038140982232,97,2023-12-22 09:00:00
0,D1,intraday,q_0.5,0.0,101,2023-12-26 15:00:00
0,D1,intraday,q_0.75,0.0,101,2023-12-26 15:00:00
0,D1,intraday,q_0.9,0.0,101,2023-12-26 15:00:00
0,D1,two_weeks,q_0.5,0.0,99,2023-12-25 09:00:00
0,D1,two_weeks,q_0.75,0.942270477894529,99,2023-12-25 09:00:00
0,D1,two_weeks,q_0.9,3.490919077852624,99,2023-12-25 09:00:00
0,D1,week,q_0.5,0.0,100,2023-12-26 09:00:00
0,D1,week,q_0.75,0.2176879716486758,100,2023-12-26 09:00:00
0,D1,week,q_0.9,1.4358295130179055,100,2023-12-26 09:00:00
0,H1,four_weeks,q_0.5,0.9661256650279637,828,2023-12-29 23:05:00
0,H1,four_weeks,q_0.75,8.676105825357725,828,2023-12-29 23:05:00
0,H1,four_weeks,q_0.9,20.56264122364857,828,2023-12-29 23:05:00
0,H1,intraday,q_0.5,0.0,136,2023-12-20 16:05:00
0,H1,intraday,q_0.75,0.6121052631578879,136,2023-12-20 16:05:00
0,H1,intraday,q_0.9,1.6647669023995966,136,2023-12-20 16:05:00
0,H1,two_weeks,q_0.5,0.8167333047741494,860,2023-12-29 22:05:00
0,H1,two_weeks,q_0.75,6.070119440525511,860,2023-12-29 22:05:00
0,H1,two_weeks,q_0.9,13.583035374667185,860,2023-12-29 22:05:00
0,H1,week,q_0.5,0.6872715276297698,878,2023-12-29 21:05:00
0,H1,week,q_0.75,3.575813820673891,878,2023-12-29 21:05:00
0,H1,week,q_0.9,8.871632105568409,878,2023-12-29 21:05:00
1,D1,four_weeks,q_0.5,0.0,129,2024-06-27 09:55:00
1,D1,four_weeks,q_0.75,1.6072202166064942,129,2024-06-27 09:55:00
1,D1,four_weeks,q_0.9,4.972411145308191,129,2024-06-27 09:55:00
1,D1,intraday,q_0.5,0.0,136,2024-06-26 15:55:00
1,D1,intraday,q_0.75,0.0,136,2024-06-26 15:55:00
1,D1,intraday,q_0.9,0.0,136,2024-06-26 15:55:00
1,D1,two_weeks,q_0.5,0.0,132,2024-06-27 09:55:00
1,D1,two_weeks,q_0.75,0.8655074023174627,132,2024-06-27 09:55:00
1,D1,two_weeks,q_0.9,2.6679712853441795,132,2024-06-27 09:55:00
1,D1,week,q_0.5,0.0,134,2024-06-25 09:55:00
1,D1,week,q_0.75,0.2866218095703576,134,2024-06-25 09:55:00
1,D1,week,q_0.9,1.4598975002162444,134,2024-06-25 09:55:00
1,H1,four_weeks,q_0.5,0.8328611898016817,1163,2024-06-28 23:05:00
1,H1,four_weeks,q_0.75,7.918867202449276,1163,2024-06-28 23:05:00
1,H1,four_weeks,q_0.9,18.703296703296598,1163,2024-06-28 23:05:00
1,H1,intraday,q_0.5,0.0,169,2024-06-11 17:05:00
1,H1,intraday,q_0.75,0.5894736842105149,169,2024-06-11 17:05:00
1,H1,intraday,q_0.9,1.7597057020232774,169,2024-06-11 17:05:00
1,H1,two_weeks,q_0.5,0.7951002227171463,1189,2024-06-28 21:05:00
1,H1,two_weeks,q_0.75,5.519582245430819,1189,2024-06-28 21:05:00
1,H1,two_weeks,q_0.9,12.0223258234491,1189,2024-06-28 21:05:00
1,H1,week,q_0.5,0.6780448574747462,1200,2024-06-28 22:10:00
1,H1,week,q_0.75,3.6896940935678346,1200,2024-06-28 22:10:00
1,H1,week,q_0.9,8.697668735281486,1200,2024-06-28 22:10:00
2,D1,four_weeks,q_0.5,0.0,164,2024-12-30 09:55:00
2,D1,four_weeks,q_0.75,1.6208720369211371,164,2024-12-30 09:55:00
2,D1,four_weeks,q_0.9,4.8728675039220715,164,2024-12-30 09:55:00
2,D1,intraday,q_0.5,0.0,169,2024-12-30 15:55:00
2,D1,intraday,q_0.75,0.0,169,2024-12-30 15:55:00
2,D1,intraday,q_0.9,0.0,169,2024-12-30 15:55:00
2,D1,two_weeks,q_0.5,0.0,165,2024-12-25 09:55:00
2,D1,two_weeks,q_0.75,0.8560551986676184,165,2024-12-25 09:55:00
2,D1,two_weeks,q_0.9,2.625331873695412,165,2024-12-25 09:55:00
2,D1,week,q_0.5,0.0,167,2024-12-26 09:55:00
2,D1,week,q_0.75,0.26992929184164544,167,2024-12-26 09:55:00
2,D1,week,q_0.9,1.4210188444812588,167,2024-12-26 09:55:00
2,H1,four_weeks,q_0.5,0.8191489361702076,1455,2024-12-30 18:05:00
2,H1,four_weeks,q_0.75,7.628988074993364,1455,2024-12-30 18:05:00
2,H1,four_weeks,q_0.9,18.15545072183692,1455,2024-12-30 18:05:00
2,H1,intraday,q_0.5,0.0,184,2024-12-10 17:05:00
2,H1,intraday,q_0.75,0.4884357064354606,184,2024-12-10 17:05:00
2,H1,intraday,q_0.9,1.6958558495942528,184,2024-12-10 17:05:00
2,H1,two_weeks,q_0.5,0.7598152424942236,1475,2024-12-30 18:05:00
2,H1,two_weeks,q_0.75,5.380636284980849,1475,2024-12-30 18:05:00
2,H1,two_weeks,q_0.9,11.603877375040836,1475,2024-12-30 18:05:00
2,H1,week,q_0.5,0.6637931034482745,1489,2024-12-30 23:05:00
2,H1,week,q_0.75,3.695839311334301,1489,2024-12-30 23:05:00
2,H1,week,q_0.9,8.467248227476901,1489,2024-12-30 23:05:00
3,D1,four_weeks,q_0.5,0.0,194,2025-06-27 09:00:00
3,D1,four_weeks,q_0.75,1.6481756775504228,194,2025-06-27 09:00:00
3,D1,four_weeks,q_0.9,5.199647539384342,194,2025-06-27 09:00:00
3,D1,intraday,q_0.5,0.0,201,2025-06-30 15:00:00
3,D1,intraday,q_0.75,0.0,201,2025-06-30 15:00:00
3,D1,intraday,q_0.9,0.0,201,2025-06-30 15:00:00
3,D1,two_weeks,q_0.5,0.0,197,2025-06-23 09:00:00
3,D1,two_weeks,q_0.75,0.8560551986676184,197,2025-06-23 09:00:00
3,D1,two_weeks,q_0.9,2.5969055992629038,197,2025-06-23 09:00:00
3,D1,week,q_0.5,0.0,198,2025-06-24 09:00:00
3,D1,week,q_0.75,0.3630108193632012,198,2025-06-24 09:00:00
3,D1,week,q_0.9,1.3689819793247329,198,2025-06-24 09:00:00
3,H1,four_weeks,q_0.5,0.7986577181208143,1809,2025-06-30 22:05:00
3,H1,four_weeks,q_0.75,6.667326732673284,1809,2025-06-30 22:05:00
3,H1,four_weeks,q_0.9,16.824755869595183,1809,2025-06-30 22:05:00
3,H1,intraday,q_0.5,0.0,209,2025-06-23 17:05:00
3,H1,intraday,q_0.75,0.560679611650481,209,2025-06-23 17:05:00
3,H1,intraday,q_0.9,1.4691819565280073,209,2025-06-23 17:05:00
3,H1,two_weeks,q_0.5,0.739436619718337,1831,2025-06-30 22:05:00
3,H1,two_weeks,q_0.75,4.982758620689634,1831,2025-06-30 22:05:00
3,H1,two_weeks,q_0.9,11.290322580645137,1831,2025-06-30 22:05:00
3,H1,week,q_0.5,0.6596858638743172,1849,2025-06-30 22:05:00
3,H1,week,q_0.75,3.656357388316155,1849,2025-06-30 22:05:00
3,H1,week,q_0.9,8.097056311189927,1849,2025-06-30 22:05:00
4,D1,four_weeks,q_0.5,0.00901765879739741,230,2025-12-17 09:00:00
4,D1,four_weeks,q_0.75,1.706688089326003,230,2025-12-17 09:00:00
4,D1,four_weeks,q_0.9,6.146759631715384,230,2025-12-17 09:00:00
4,D1,intraday,q_0.5,0.0,233,2025-12-24 14:55:00
4,D1,intraday,q_0.75,0.0,233,2025-12-24 14:55:00
4,D1,intraday,q_0.9,0.0,233,2025-12-24 14:55:00
4,D1,two_weeks,q_0.5,0.0,232,2025-12-30 08:55:00
4,D1,two_weeks,q_0.75,0.8551352949940098,232,2025-12-30 08:55:00
4,D1,two_weeks,q_0.9,3.053822555366588,232,2025-12-30 08:55:00
4,D1,week,q_0.5,0.0,232,2025-12-23 08:55:00
4,D1,week,q_0.75,0.3074095543540623,232,2025-12-23 08:55:00
4,D1,week,q_0.9,1.340737983986926,232,2025-12-23 08:55:00
4,H1,four_weeks,q_0.5,0.8328611898016817,2193,2025-12-30 23:05:00
4,H1,four_weeks,q_0.75,6.105919003115284,2193,2025-12-30 23:05:00
4,H1,four_weeks,q_0.9,16.889582010002393,2193,2025-12-30 23:05:00
4,H1,intraday,q_0.5,0.0,233,2025-12-29 17:05:00
4,H1,intraday,q_0.75,0.4547563805104425,233,2025-12-29 17:05:00
4,H1,intraday,q_0.9,1.439340617212975,233,2025-12-29 17:05:00
4,H1,two_weeks,q_0.5,0.7847533632287031,2219,2025-12-30 22:05:00
4,H1,two_weeks,q_0.75,4.863425925925945,2219,2025-12-30 22:05:00
4,H1,two_weeks,q_0.9,11.458015473922648,2219,2025-12-30 22:05:00
4,H1,week,q_0.5,0.6786703601107923,2233,2025-12-30 23:05:00
4,H1,week,q_0.75,3.656357388316155,2233,2025-12-30 23:05:00
4,H1,week,q_0.9,8.162466257888067,2233,2025-12-30 23:05:00
