tf,horizon,method,n,blocks,delta_RUB,two_month_ci_low,two_month_ci_high
D1,four_weeks,atrD_0.025,153,17,59.74739052287718,-3.6429269243179703,127.29843383835704
D1,four_weeks,atrD_0.05,153,17,-0.050282026138684995,-54.44814928408524,49.364941635102916
D1,four_weeks,atrD_0.1,153,17,-4.920376470583815,-411.8328565155082,566.8091644701104
D1,four_weeks,atrD_0.25,153,17,-776.5361415032576,-1304.88048427062,-226.70876668315216
D1,four_weeks,atrH_0.1,153,17,35.109899019609905,-53.43716608977629,128.56766475806242
D1,four_weeks,atrH_0.25,153,17,-69.90392875816538,-186.24255951489815,30.359539594255132
D1,four_weeks,atrH_0.5,153,17,-137.22759901960166,-577.452859377574,449.3112351452376
D1,four_weeks,atrH_1,153,17,-707.7252454248259,-1261.3297836174102,-131.5596554777772
D1,four_weeks,combo_0.25_1,41,8,500.72131341463415,-367.26482818587414,3085.307244513879
D1,four_weeks,combo_0.5_2,41,8,-320.7588304877959,-1293.4380792363904,1830.697764960962
D1,four_weeks,combo_1_2,41,8,-781.7297060975417,-2078.9027929236026,1937.6930080208656
D1,four_weeks,fixed_0,153,17,93.54588300653677,-272.9340594193513,359.26641728735444
D1,four_weeks,fixed_0.01,153,17,37.61154836601765,-325.453255992238,286.0216225891187
D1,four_weeks,fixed_0.03,153,17,57.00378954248338,-51.226261110728586,169.81966281646461
D1,four_weeks,fixed_0.05,153,17,0.0,0.0,0.0
D1,four_weeks,fixed_0.1,153,17,-313.13853496731514,-442.08993026073824,-190.80171919214487
D1,four_weeks,fixed_0.2,153,17,-496.24533071895,-918.2396362405385,50.26399000000856
D1,four_weeks,fixed_0.5,153,17,-1184.2843620914953,-1872.8526051991857,-497.72554166211927
D1,four_weeks,price_0.0005,153,17,13.393958823529669,-11.486018002773974,42.36308905296441
D1,four_weeks,price_0.001,153,17,-124.52902581698878,-424.90822058612866,348.3106488375474
D1,four_weeks,price_0.002,153,17,-498.61451176470496,-880.3803703429819,4.554754446044059
D1,four_weeks,price_0.005,153,17,-1210.8465869280976,-1776.7989109251741,-644.9152037925662
D1,four_weeks,q_0.5,153,17,29.367231699347624,-319.5673705532119,289.5947515768193
D1,four_weeks,q_0.75,153,17,-1922.97162581698,-3298.8380569246942,-776.0201534380614
D1,four_weeks,q_0.9,153,17,-2467.8852006535794,-4101.190718440867,-1075.7948953311757
D1,four_weeks,selected_atrD,153,17,-551.9184486928051,-990.1294672780498,-46.150880373714685
D1,four_weeks,selected_atrH,153,17,-567.4339460784262,-989.9755103794373,-97.38604673243758
D1,four_weeks,selected_combo,41,8,-596.2605182926746,-1545.3866234217933,1976.1127706374953
D1,four_weeks,selected_fixed,153,17,-783.1377578431334,-1404.225840133965,-263.76678063548303
D1,four_weeks,selected_price,153,17,-288.4541715686227,-437.30105763696014,-154.10279207408263
D1,four_weeks,selected_q,153,17,-2467.8852006535794,-4101.190718440867,-1075.7948953311757
D1,intraday,atrD_0.025,183,17,0.4498306010926698,-28.703885933631323,31.301957597422867
D1,intraday,atrD_0.05,183,17,7.260104918035978,-14.529619734906785,28.275746988957568
D1,intraday,atrD_0.1,183,17,23.97244098360926,-45.27687865352372,110.61852851654025
D1,intraday,atrD_0.25,183,17,143.5708950819723,-43.13517198831707,336.36547346282765
D1,intraday,atrH_0.1,183,17,17.646369672130202,-16.251104366723492,51.68812091293203
D1,intraday,atrH_0.25,183,17,17.72190163934744,-5.976572422312749,39.08423058960501
D1,intraday,atrH_0.5,183,17,31.695724590166233,-38.75163233178486,124.9358895524654
D1,intraday,atrH_1,183,17,80.2829333333383,-70.69621881656921,247.43308064255947
D1,intraday,combo_0.25_1,56,10,-11.367726785711145,-77.16030846659828,61.69662941860663
D1,intraday,combo_0.5_2,56,10,-37.27726517856679,-114.03661097874355,60.18996915477387
D1,intraday,combo_1_2,56,10,110.97372946429275,-227.06049157390305,818.7749226666955
D1,intraday,fixed_0,183,17,25.19120355191637,-54.67035064270755,89.41140596310852
D1,intraday,fixed_0.01,183,17,29.717539617490228,-21.902410571047593,79.82835101820788
D1,intraday,fixed_0.03,183,17,13.345522404373666,-28.507897176215852,51.00621377316689
D1,intraday,fixed_0.05,183,17,0.0,0.0,0.0
D1,intraday,fixed_0.1,183,17,9.903588251367593,-27.68053555292835,49.90082682701896
D1,intraday,fixed_0.2,183,17,179.88275273224411,19.665593972401947,352.380255520249
D1,intraday,fixed_0.5,183,17,187.58655901639776,-16.198460228910665,405.7299278448322
D1,intraday,price_0.0005,183,17,-0.030999726774749294,-18.351949840991388,19.9588901063783
D1,intraday,price_0.001,183,17,7.988853825140399,-31.401977736909974,50.440219753147616
D1,intraday,price_0.002,183,17,1.9911693989088086,-85.46071166970778,112.75325580646741
D1,intraday,price_0.005,183,17,196.24418551913044,-7.904610348681161,402.7435717270855
D1,intraday,q_0.5,183,17,25.19120355191637,-54.67035064270755,89.41140596310852
D1,intraday,q_0.75,183,17,25.19120355191637,-54.67035064270755,89.41140596310852
D1,intraday,q_0.9,183,17,25.19120355191637,-54.67035064270755,89.41140596310852
D1,intraday,selected_atrD,183,17,-4.400437978139709,-67.44677043646232,46.884727608822566
D1,intraday,selected_atrH,183,17,-12.52703797814212,-79.7951606015864,48.365151581151096
D1,intraday,selected_combo,56,10,-49.986559821424954,-146.2014763266445,57.28682425286327
D1,intraday,selected_fixed,183,17,3.8597680327897637,-100.30899487598374,93.37583353571712
D1,intraday,selected_price,183,17,-18.11223797814054,-55.47552088527048,15.440603515041627
D1,intraday,selected_q,183,17,25.19120355191637,-54.67035064270755,89.41140596310852
D1,two_weeks,atrD_0.025,165,17,54.773836363637514,2.3486581324885027,114.08441680116485
D1,two_weeks,atrD_0.05,165,17,-7.526856666662912,-53.91035713657097,33.04662040112574
D1,two_weeks,atrD_0.1,165,17,-19.523906969692916,-350.624182104172,426.8898100760296
D1,two_weeks,atrD_0.25,165,17,-560.1005363636262,-996.7786510459404,-105.43089418613496
D1,two_weeks,atrH_0.1,165,17,58.981708484849186,-2.278816806068591,132.0337553579943
D1,two_weeks,atrH_0.25,165,17,-39.48674303029725,-135.71206806033987,37.33482592225038
D1,two_weeks,atrH_0.5,165,17,-128.1899696969619,-479.09901924473235,321.8048493636068
D1,two_weeks,atrH_1,165,17,-502.6004312121101,-950.1565105872439,-27.729361579995306
D1,two_weeks,combo_0.25_1,46,10,305.92802608695825,-318.49548575282233,1992.9613006288835
D1,two_weeks,combo_0.5_2,46,10,-385.23715978259895,-1042.1636162704929,1078.712820047496
D1,two_weeks,combo_1_2,46,10,-630.4616760869395,-1624.5597620670285,1197.760706463629
D1,two_weeks,fixed_0,165,17,252.29572030303058,154.37489016638057,345.6597627250784
D1,two_weeks,fixed_0.01,165,17,199.0148003030337,114.49516366786085,271.4561375672762
D1,two_weeks,fixed_0.03,165,17,66.32105515151457,-4.135049363764002,137.4355897208555
D1,two_weeks,fixed_0.05,165,17,0.0,0.0,0.0
D1,two_weeks,fixed_0.1,165,17,-268.8176727272677,-360.8375801404481,-189.2227122427983
D1,two_weeks,fixed_0.2,165,17,-387.2339281818143,-745.8256318068267,33.97816125256761
D1,two_weeks,fixed_0.5,165,17,-858.2199339393849,-1498.3488324947277,-248.40668864845773
D1,two_weeks,price_0.0005,165,17,10.086327272727447,-12.57583553944911,36.70886174793568
D1,two_weeks,price_0.001,165,17,-118.45402333333043,-345.60647118803234,221.98294183047918
D1,two_weeks,price_0.002,165,17,-413.5778239393927,-740.9396494979161,-5.338440808566801
D1,two_weeks,price_0.005,165,17,-844.4332842424167,-1372.8894233847552,-291.94224465041975
D1,two_weeks,q_0.5,165,17,252.29572030303058,154.37489016638057,345.6597627250784
D1,two_weeks,q_0.75,165,17,-926.7586830302914,-1692.61010968788,-222.93261878112014
D1,two_weeks,q_0.9,165,17,-1258.001148787864,-2511.720665019511,-253.80877736722977
D1,two_weeks,selected_atrD,165,17,-374.16633666666087,-726.7136367322505,53.02174721995468
D1,two_weeks,selected_atrH,165,17,-289.9954448484797,-564.0173040677112,-53.1702510452186
D1,two_weeks,selected_combo,46,10,-387.30408260868813,-1060.7226487499931,1256.7717308492931
D1,two_weeks,selected_fixed,165,17,-322.4385478787843,-872.795642157345,142.68268596820985
D1,two_weeks,selected_price,165,17,-231.4130554545421,-359.3633550582569,-117.71109387792094
D1,two_weeks,selected_q,165,17,-1258.001148787864,-2511.720665019511,-253.80877736722977
D1,week,atrD_0.025,173,17,-2.565235838149572,-81.04506166254308,70.82096076023969
D1,week,atrD_0.05,173,17,-25.229776589590415,-87.11002236048739,31.583101420697396
D1,week,atrD_0.1,173,17,-77.59017312138357,-296.1646133405197,264.57617436983503
D1,week,atrD_0.25,173,17,-305.992629479758,-612.6930648190371,33.67137197865978
D1,week,atrH_0.1,173,17,19.492708381502684,-59.71061768973151,96.99285798019014
D1,week,atrH_0.25,173,17,-21.038788439301097,-81.9985746293607,36.75491145675148
D1,week,atrH_0.5,173,17,-182.0965884392987,-422.08975189939645,141.3694556656157
D1,week,atrH_1,173,17,-329.81119999999044,-613.9667920088706,-5.993005715059425
D1,week,combo_0.25_1,52,10,-51.97064230769129,-243.03673924568866,286.00875257143133
D1,week,combo_0.5_2,52,10,-528.1345259615322,-830.2953978861548,-104.36390596591042
D1,week,combo_1_2,52,10,-409.87178557691044,-997.6470039081008,514.5165256522092
D1,week,fixed_0,173,17,174.20783121387555,56.604593842563034,280.72988879710294
D1,week,fixed_0.01,173,17,120.4816115606988,10.741171423167085,214.49963052416035
D1,week,fixed_0.03,173,17,6.477759537573498,-85.92016734022141,88.59903952866314
D1,week,fixed_0.05,173,17,0.0,0.0,0.0
D1,week,fixed_0.1,173,17,-212.04070086704763,-274.03226749803275,-152.0731558870864
D1,week,fixed_0.2,173,17,-230.90717283236472,-501.04774962984095,83.75585316590141
D1,week,fixed_0.5,173,17,-463.0294317918982,-974.5853173351016,70.46177395993577
D1,week,price_0.0005,173,17,7.654567052024088,-13.260443486027379,33.22124145970811
D1,week,price_0.001,173,17,-160.53761907514024,-238.201372160482,-69.62629529851979
D1,week,price_0.002,173,17,-367.4573531791883,-578.6715440042326,-47.82359835880369
D1,week,price_0.005,173,17,-487.01682023120526,-942.4570665825912,6.084976935000693
D1,week,q_0.5,173,17,174.20783121387555,56.604593842563034,280.72988879710294
D1,week,q_0.75,173,17,-351.9080702312042,-667.4752869518672,13.193747066781569
D1,week,q_0.9,173,17,-447.34581705201043,-1081.8627691721579,197.41583227033993
D1,week,selected_atrD,173,17,-239.35875809248049,-444.59248165931496,-63.22843193978404
D1,week,selected_atrH,173,17,-167.90425404623903,-382.0827714755084,15.159165747130208
D1,week,selected_combo,52,10,-344.66242692307173,-654.1694885319831,118.8810645487598
D1,week,selected_fixed,173,17,-207.31001589594848,-630.6903859905972,153.43610854757168
D1,week,selected_price,173,17,-107.15393034681892,-339.7879630390841,60.393120345424094
D1,week,selected_q,173,17,-84.55650924854625,-584.4424778828886,359.5873093435406
H1,four_weeks,atrD_0.025,1744,17,116.91658021788678,48.48508910819394,172.7767483305044
H1,four_weeks,atrD_0.05,1744,17,183.86665103210643,85.28561071284524,283.4677869678901
H1,four_weeks,atrD_0.1,1744,17,379.5185444094005,117.28370442398842,628.7457820412868
H1,four_weeks,atrD_0.25,1744,17,447.7177938073354,166.40906618932212,797.4318359149761
H1,four_weeks,atrH_0.1,1744,17,105.81210994839346,14.286002794022428,186.8528382100858
H1,four_weeks,atrH_0.25,1744,17,192.15996691513425,75.8029719999879,301.6423811492175
H1,four_weeks,atrH_0.5,1744,17,413.60118053325425,183.98093785879988,648.1770409576302
H1,four_weeks,atrH_1,1744,17,370.06368342889556,48.082826940688435,722.0305366939294
H1,four_weeks,combo_0.25_1,1742,17,192.4297852468392,75.9139440946549,302.14593177228
H1,four_weeks,combo_0.5_2,1742,17,413.62874411595584,183.68186391322806,648.7657165559963
H1,four_weeks,combo_1_2,1742,17,370.3649636624531,48.198648597773904,722.6254226073919
H1,four_weeks,fixed_0,1744,17,-118.81250378440551,-400.36912178985955,115.56922798455736
H1,four_weeks,fixed_0.01,1744,17,-15.229371416286153,-291.35979490327685,195.39254245985643
H1,four_weeks,fixed_0.03,1744,17,89.72832026949149,-47.673841245870655,199.32140194656907
H1,four_weeks,fixed_0.05,1744,17,0.0,0.0,0.0
H1,four_weeks,fixed_0.1,1744,17,333.01050341169287,146.84580673583145,517.464498206369
H1,four_weeks,fixed_0.2,1744,17,439.0794401662798,162.24096958877433,732.3767329600587
H1,four_weeks,fixed_0.5,1744,17,535.7125121559588,101.8870914394853,964.6885518930751
H1,four_weeks,price_0.0005,1744,17,53.77090054472377,16.5966594517317,93.82491678297123
H1,four_weeks,price_0.001,1744,17,265.7608035550447,88.5943462976157,437.88534149073706
H1,four_weeks,price_0.002,1744,17,352.24504739105294,158.47227617250167,552.7890834363873
H1,four_weeks,price_0.005,1744,17,497.8736956421971,122.49594024100819,860.6071587314945
H1,four_weeks,q_0.5,1744,17,399.7336547591716,97.49886287590789,720.8934480144793
H1,four_weeks,q_0.75,1744,17,234.54659862384835,-306.90835562026524,759.364791916779
H1,four_weeks,q_0.9,1744,17,200.95424868118795,-420.96042934331,807.0539538818449
H1,four_weeks,selected_atrD,1744,17,447.7177938073354,166.40906618932212,797.4318359149761
H1,four_weeks,selected_atrH,1744,17,370.06368342889556,48.082826940688435,722.0305366939294
H1,four_weeks,selected_combo,1742,17,370.3649636624531,48.198648597773904,722.6254226073919
H1,four_weeks,selected_fixed,1744,17,535.7125121559588,101.8870914394853,964.6885518930751
H1,four_weeks,selected_price,1744,17,497.8736956421971,122.49594024100819,860.6071587314945
H1,four_weeks,selected_q,1744,17,200.95424868118795,-420.96042934331,807.0539538818449
H1,intraday,atrD_0.025,176,17,-37.694838636366946,-274.2564479917084,142.06420879053044
H1,intraday,atrD_0.05,176,17,108.44311335226958,-32.49112399144897,278.6994564278714
H1,intraday,atrD_0.1,176,17,251.99819659090784,-150.3524197249798,640.7446043498244
H1,intraday,atrD_0.25,176,17,689.5456400568289,131.40730474807086,1238.5858777128717
H1,intraday,atrH_0.1,176,17,-43.69581988636883,-279.21254864284964,135.39380525694116
H1,intraday,atrH_0.25,176,17,102.60425397726807,-108.60395770539176,304.7131871987711
H1,intraday,atrH_0.5,176,17,366.0241869318192,-78.55981583069793,832.1349683842402
H1,intraday,atrH_1,176,17,306.47756420455477,-328.02303499997214,911.0431566953116
H1,intraday,combo_0.25_1,174,17,104.27616264367195,-110.36650528098556,307.5255317001857
H1,intraday,combo_0.5_2,174,17,374.3138287356319,-71.18465426310318,831.2632887223409
H1,intraday,combo_1_2,174,17,323.95962241379937,-309.41239495832895,911.0431566953116
H1,intraday,fixed_0,176,17,-244.77058664770047,-631.4571081357301,63.190983839108654
H1,intraday,fixed_0.01,176,17,79.65292982955025,-182.35039781923223,288.9723583950442
H1,intraday,fixed_0.03,176,17,-74.87021732953694,-325.74823057356235,128.05509345991905
H1,intraday,fixed_0.05,176,17,0.0,0.0,0.0
H1,intraday,fixed_0.1,176,17,279.62049630681827,-91.80292239180167,643.7910134369399
H1,intraday,fixed_0.2,176,17,290.15244318182135,-148.82124740171162,744.3481424132445
H1,intraday,fixed_0.5,176,17,1187.1635701704627,665.3957702765474,1572.2685184019408
H1,intraday,price_0.0005,176,17,20.989711931807093,-0.025752344778237745,40.464004112918595
H1,intraday,price_0.001,176,17,326.05045340909385,-69.25719406588377,710.9880690212303
H1,intraday,price_0.002,176,17,223.134757670466,-212.39133912281514,626.3277649254865
H1,intraday,price_0.005,176,17,1000.4034164772801,485.7511942234968,1395.3556293790693
H1,intraday,q_0.5,176,17,-244.77058664770047,-631.4571081357301,63.190983839108654
H1,intraday,q_0.75,176,17,370.8558653409137,-69.28082003756339,821.7439292378612
H1,intraday,q_0.9,176,17,1035.4781727272787,442.34864643476567,1605.6455357284678
H1,intraday,selected_atrD,176,17,379.68549659092133,-156.96637780063782,915.4076845284836
H1,intraday,selected_atrH,176,17,217.05307017045735,-367.63420902724374,755.6912628387182
H1,intraday,selected_combo,174,17,248.90447816091836,-320.44520634027367,769.5756753607241
H1,intraday,selected_fixed,176,17,1187.1635701704627,665.3957702765474,1572.2685184019408
H1,intraday,selected_price,176,17,1000.4034164772801,485.7511942234968,1395.3556293790693
H1,intraday,selected_q,176,17,1035.4781727272787,442.34864643476567,1605.6455357284678
H1,two_weeks,atrD_0.025,1880,17,101.72586553191366,32.564361950292856,160.44598071478143
H1,two_weeks,atrD_0.05,1880,17,166.37757287233828,70.38725613741786,264.4091089043838
H1,two_weeks,atrD_0.1,1880,17,378.30756611701884,139.7207040394526,618.5823687509003
H1,two_weeks,atrD_0.25,1880,17,495.7580747872318,239.09691788609777,786.4692089204586
H1,two_weeks,atrH_0.1,1880,17,91.3706842021281,-9.125504298642888,179.37731770797262
H1,two_weeks,atrH_0.25,1880,17,173.4829132446781,65.96419209320237,280.4253656836564
H1,two_weeks,atrH_0.5,1880,17,406.1608090957434,197.17139615870477,625.3502371352115
H1,two_weeks,atrH_1,1880,17,400.9731112499976,127.67829232900513,690.3659962912308
H1,two_weeks,combo_0.25_1,1878,17,173.71330165068935,66.08788095463359,281.0808000502065
H1,two_weeks,combo_0.5_2,1878,17,406.17845287539785,197.03293107919907,625.7617056523534
H1,two_weeks,combo_1_2,1878,17,401.28549092119,127.68378088754102,691.9550756569881
H1,two_weeks,fixed_0,1880,17,-118.30669164893625,-379.48042857775954,103.15532886848739
H1,two_weeks,fixed_0.01,1880,17,-3.0332904787230097,-245.77637411459992,192.1606371694454
H1,two_weeks,fixed_0.03,1880,17,79.9286863829767,-51.43282319796116,188.29126247922576
H1,two_weeks,fixed_0.05,1880,17,0.0,0.0,0.0
H1,two_weeks,fixed_0.1,1880,17,319.5043743085074,146.92904834626748,485.3498111077876
H1,two_weeks,fixed_0.2,1880,17,445.8353237234015,197.6193668124843,690.7554513516368
H1,two_weeks,fixed_0.5,1880,17,597.3433537499969,200.4677262294159,987.5826926931804
H1,two_weeks,price_0.0005,1880,17,41.655574654254934,-2.6330167782094827,84.28710287217132
H1,two_weeks,price_0.001,1880,17,253.48260936170186,86.8272775951225,414.3125626691763
H1,two_weeks,price_0.002,1880,17,362.60005569148836,180.88101882122947,544.7872994071125
H1,two_weeks,price_0.005,1880,17,544.0564991489332,195.76715976000602,875.6535513082586
H1,two_weeks,q_0.5,1880,17,435.4074062499998,180.4908847517742,700.6033419667077
H1,two_weeks,q_0.75,1880,17,435.86586909574146,-57.03354504243379,914.7310176839419
H1,two_weeks,q_0.9,1880,17,405.6733557712734,-126.85828454083921,929.1906975817124
H1,two_weeks,selected_atrD,1880,17,495.7580747872318,239.09691788609777,786.4692089204586
H1,two_weeks,selected_atrH,1880,17,400.9731112499976,127.67829232900513,690.3659962912308
H1,two_weeks,selected_combo,1878,17,401.28549092119,127.68378088754102,691.9550756569881
H1,two_weeks,selected_fixed,1880,17,597.3433537499969,200.4677262294159,987.5826926931804
H1,two_weeks,selected_price,1880,17,544.0564991489332,195.76715976000602,875.6535513082586
H1,two_weeks,selected_q,1880,17,405.6733557712734,-126.85828454083921,929.1906975817124
H1,week,atrD_0.025,1955,17,89.78833979539556,10.733762137553454,157.00189615330052
H1,week,atrD_0.05,1955,17,145.4376578005101,48.874694400481694,248.13127884495822
H1,week,atrD_0.1,1955,17,334.6561710997419,98.4430065714782,571.5511779021734
H1,week,atrD_0.25,1955,17,449.48311667518993,197.09493555472332,709.5318254689237
H1,week,atrH_0.1,1955,17,85.6028814833768,-16.553004237637563,176.92952604046744
H1,week,atrH_0.25,1955,17,149.5279517902789,38.87454252982119,259.272427690053
H1,week,atrH_0.5,1955,17,319.40386455242833,98.76849810454421,550.3317887936131
H1,week,atrH_1,1955,17,352.17675352941,84.19367458564841,629.8848329320599
H1,week,combo_0.25_1,1953,17,149.72496126471836,38.94146521867438,259.7139196915775
H1,week,combo_0.5_2,1953,17,319.33198597030054,98.33472018784725,550.6963983802235
H1,week,combo_1_2,1953,17,352.4271663850466,84.58743539972616,631.2431544392649
H1,week,fixed_0,1955,17,-148.51298585677645,-391.7927936112148,68.04653011242532
H1,week,fixed_0.01,1955,17,-13.427957135549477,-230.16609876156346,169.19805742123927
H1,week,fixed_0.03,1955,17,67.53706900255582,-65.04326822564799,182.84459569022266
H1,week,fixed_0.05,1955,17,0.0,0.0,0.0
H1,week,fixed_0.1,1955,17,293.2397173913015,114.81104751412695,469.9462809235075
H1,week,fixed_0.2,1955,17,374.2969399999972,126.70875995985344,617.1512714855767
H1,week,fixed_0.5,1955,17,584.1476118670054,183.3049337486994,961.3613747061124
H1,week,price_0.0005,1955,17,40.68960046035764,2.315044241246046,80.09707324072826
H1,week,price_0.001,1955,17,217.1559162659847,46.624284969125995,391.1347007027872
H1,week,price_0.002,1955,17,279.48227069053627,84.30738432855651,465.21562465620707
H1,week,price_0.005,1955,17,543.1920360613791,189.2048118987024,880.3661902018647
H1,week,q_0.5,1955,17,335.6805231202038,110.16718843036845,582.0602181083972
H1,week,q_0.75,1955,17,482.05476156010036,67.27064752499176,875.4279230275947
H1,week,q_0.9,1955,17,592.0938944245503,143.8101831833334,1077.4109825572455
H1,week,selected_atrD,1955,17,449.48311667518993,197.09493555472332,709.5318254689237
H1,week,selected_atrH,1955,17,352.17675352941,84.19367458564841,629.8848329320599
H1,week,selected_combo,1953,17,352.4271663850466,84.58743539972616,631.2431544392649
H1,week,selected_fixed,1955,17,584.1476118670054,183.3049337486994,961.3613747061124
H1,week,selected_price,1955,17,543.1920360613791,189.2048118987024,880.3661902018647
H1,week,selected_q,1955,17,592.0938944245503,143.8101831833334,1077.4109825572455
