fold,tf,horizon,family,method,train_n,train_mean,train_last_expiry
0,D1,four_weeks,atrD,atrD_0.25,23,-8922.251967391308,2022-10-06 10:00:00
0,D1,four_weeks,atrH,atrH_1,23,-8337.304541304355,2022-10-06 10:00:00
0,D1,four_weeks,combo,combo_1_2,23,-7146.237028260876,2022-10-06 10:00:00
0,D1,four_weeks,fixed,fixed_0.5,23,-8633.084052173916,2022-10-06 10:00:00
0,D1,four_weeks,price,price_0.001,23,-8949.150504347834,2022-10-06 10:00:00
0,D1,four_weeks,q,q_0.9,23,-922.5721000000003,2022-10-06 10:00:00
0,D1,intraday,atrD,atrD_0.25,23,-1149.8874956521738,2022-09-08 16:00:00
0,D1,intraday,atrH,atrH_1,23,-1064.1953695652164,2022-09-08 16:00:00
0,D1,intraday,combo,combo_1_2,23,-485.71618260869525,2022-09-08 16:00:00
0,D1,intraday,fixed,fixed_0.5,23,-959.9638499999992,2022-09-08 16:00:00
0,D1,intraday,price,price_0.002,23,-1225.8292543478256,2022-09-08 16:00:00
0,D1,intraday,q,q_0.5,23,-1229.4762108695634,2022-09-08 16:00:00
0,D1,two_weeks,atrD,atrD_0.25,23,-6072.835384782611,2022-09-22 10:00:00
0,D1,two_weeks,atrH,atrH_1,23,-5929.853402173917,2022-09-22 10:00:00
0,D1,two_weeks,combo,combo_1_2,23,-5539.997406521742,2022-09-22 10:00:00
0,D1,two_weeks,fixed,fixed_0.5,23,-5809.314395652175,2022-09-22 10:00:00
0,D1,two_weeks,price,price_0.001,23,-6180.626321739132,2022-09-22 10:00:00
0,D1,two_weeks,q,q_0.9,23,-958.1732913043487,2022-09-22 10:00:00
0,D1,week,atrD,atrD_0.25,23,-3525.9123043478317,2022-09-15 10:00:00
0,D1,week,atrH,atrH_1,23,-3530.38008913044,2022-09-15 10:00:00
0,D1,week,combo,combo_1_2,23,-3363.090802173918,2022-09-15 10:00:00
0,D1,week,fixed,fixed_0.5,23,-3370.1904065217423,2022-09-15 10:00:00
0,D1,week,price,price_0.005,23,-3874.9763304347857,2022-09-15 10:00:00
0,D1,week,q,q_0.9,23,-2090.020376086958,2022-09-15 10:00:00
0,H1,four_weeks,atrD,atrD_0.25,824,-2018.1989497572777,2023-12-29 23:05:00
0,H1,four_weeks,atrH,atrH_1,824,-2198.5152543082477,2023-12-29 23:05:00
0,H1,four_weeks,combo,combo_1_2,824,-2198.5152543082477,2023-12-29 23:05:00
0,H1,four_weeks,fixed,fixed_0.5,824,-2053.2400938713554,2023-12-29 23:05:00
0,H1,four_weeks,price,price_0.005,824,-2244.5253931431994,2023-12-29 23:05:00
0,H1,four_weeks,q,q_0.9,824,-811.9193291262131,2023-12-29 23:05:00
0,H1,intraday,atrD,atrD_0.25,136,-1372.6841783088225,2023-12-20 16:05:00
0,H1,intraday,atrH,atrH_1,136,-1335.2739062500045,2023-12-20 16:05:00
0,H1,intraday,combo,combo_1_2,136,-1335.2739062500045,2023-12-20 16:05:00
0,H1,intraday,fixed,fixed_0.5,136,-1279.4407205882349,2023-12-20 16:05:00
0,H1,intraday,price,price_0.005,136,-1255.5422948529415,2023-12-20 16:05:00
0,H1,intraday,q,q_0.9,136,-1142.3233647058837,2023-12-20 16:05:00
0,H1,two_weeks,atrD,atrD_0.25,855,-1850.2163891812822,2023-12-29 22:05:00
0,H1,two_weeks,atrH,atrH_1,855,-2049.09114573099,2023-12-29 22:05:00
0,H1,two_weeks,combo,combo_1_2,855,-2049.09114573099,2023-12-29 22:05:00
0,H1,two_weeks,fixed,fixed_0.5,855,-1906.406224385961,2023-12-29 22:05:00
0,H1,two_weeks,price,price_0.005,855,-2095.8303593567207,2023-12-29 22:05:00
0,H1,two_weeks,q,q_0.9,855,-881.5983627485379,2023-12-29 22:05:00
0,H1,week,atrD,atrD_0.25,873,-1727.9369545818963,2023-12-29 21:05:00
0,H1,week,atrH,atrH_1,873,-1874.635327835047,2023-12-29 21:05:00
0,H1,week,combo,combo_1_2,873,-1874.635327835047,2023-12-29 21:05:00
0,H1,week,fixed,fixed_0.5,873,-1700.1721404352766,2023-12-29 21:05:00
0,H1,week,price,price_0.005,873,-1901.9111796678078,2023-12-29 21:05:00
0,H1,week,q,q_0.9,873,-866.5290495418091,2023-12-29 21:05:00
1,D1,four_weeks,atrD,atrD_0.25,23,-8922.251967391308,2022-10-06 10:00:00
1,D1,four_weeks,atrH,atrH_1,23,-8337.304541304355,2022-10-06 10:00:00
1,D1,four_weeks,combo,combo_1_2,23,-7146.237028260876,2022-10-06 10:00:00
1,D1,four_weeks,fixed,fixed_0.5,23,-8633.084052173916,2022-10-06 10:00:00
1,D1,four_weeks,price,price_0.001,23,-8949.150504347834,2022-10-06 10:00:00
1,D1,four_weeks,q,q_0.9,23,-1287.592926086957,2022-10-06 10:00:00
1,D1,intraday,atrD,atrD_0.05,28,-1075.4660696428584,2024-06-26 15:55:00
1,D1,intraday,atrH,atrH_1,28,-1044.8562125000033,2024-06-26 15:55:00
1,D1,intraday,combo,combo_0.5_2,28,-554.251316071429,2024-06-26 15:55:00
1,D1,intraday,fixed,fixed_0.5,28,-976.3643750000023,2024-06-26 15:55:00
1,D1,intraday,price,price_0.001,28,-1146.9310517857202,2024-06-26 15:55:00
1,D1,intraday,q,q_0.5,28,-1098.2924839285763,2024-06-26 15:55:00
1,D1,two_weeks,atrD,atrD_0.25,24,-6233.654952083337,2024-06-27 09:55:00
1,D1,two_weeks,atrH,atrH_1,24,-6086.540260416673,2024-06-27 09:55:00
1,D1,two_weeks,combo,combo_1_2,24,-5712.92826458334,2024-06-27 09:55:00
1,D1,two_weeks,fixed,fixed_0.5,24,-5959.829212500003,2024-06-27 09:55:00
1,D1,two_weeks,price,price_0.001,24,-6322.2254750000075,2024-06-27 09:55:00
1,D1,two_weeks,q,q_0.9,24,-1697.0834500000012,2024-06-27 09:55:00
1,D1,week,atrD,atrD_0.25,26,-3245.962257692314,2024-06-25 09:55:00
1,D1,week,atrH,atrH_1,26,-3263.9390288461605,2024-06-25 09:55:00
1,D1,week,combo,combo_1_2,26,-3115.952351923084,2024-06-25 09:55:00
1,D1,week,fixed,fixed_0.5,26,-3118.053232692311,2024-06-25 09:55:00
1,D1,week,price,price_0.001,26,-3528.107769230779,2024-06-25 09:55:00
1,D1,week,q,q_0.9,26,-1629.1587615384635,2024-06-25 09:55:00
1,H1,four_weeks,atrD,atrD_0.25,1158,-1687.2888664507732,2024-06-28 23:05:00
1,H1,four_weeks,atrH,atrH_1,1158,-1786.9323315630347,2024-06-28 23:05:00
1,H1,four_weeks,combo,combo_1_2,1158,-1786.9323315630347,2024-06-28 23:05:00
1,H1,four_weeks,fixed,fixed_0.5,1158,-1662.9672668825526,2024-06-28 23:05:00
1,H1,four_weeks,price,price_0.005,1158,-1816.1383010362658,2024-06-28 23:05:00
1,H1,four_weeks,q,q_0.9,1158,-723.4998748704661,2024-06-28 23:05:00
1,H1,intraday,atrD,atrD_0.025,169,-1085.8206085798913,2024-06-11 17:05:00
1,H1,intraday,atrH,atrH_0.1,169,-1063.868207692304,2024-06-11 17:05:00
1,H1,intraday,combo,combo_0.5_2,169,-1073.8991911242615,2024-06-11 17:05:00
1,H1,intraday,fixed,fixed_0.5,169,-951.4922656804728,2024-06-11 17:05:00
1,H1,intraday,price,price_0.005,169,-923.842847928995,2024-06-11 17:05:00
1,H1,intraday,q,q_0.9,169,-941.4615550295852,2024-06-11 17:05:00
1,H1,two_weeks,atrD,atrD_0.25,1184,-1562.2841179054005,2024-06-28 21:05:00
1,H1,two_weeks,atrH,atrH_1,1184,-1674.1057659628327,2024-06-28 21:05:00
1,H1,two_weeks,combo,combo_1_2,1184,-1674.1057659628327,2024-06-28 21:05:00
1,H1,two_weeks,fixed,fixed_0.5,1184,-1536.9531208614826,2024-06-28 21:05:00
1,H1,two_weeks,price,price_0.005,1184,-1706.1501880489832,2024-06-28 21:05:00
1,H1,two_weeks,q,q_0.9,1184,-790.709778209459,2024-06-28 21:05:00
1,H1,week,atrD,atrD_0.25,1195,-1530.6202729707063,2024-06-28 22:10:00
1,H1,week,atrH,atrH_1,1195,-1611.219235146438,2024-06-28 22:10:00
1,H1,week,combo,combo_1_2,1195,-1611.219235146438,2024-06-28 22:10:00
1,H1,week,fixed,fixed_0.5,1195,-1449.8786712970668,2024-06-28 22:10:00
1,H1,week,price,price_0.005,1195,-1638.2511551882806,2024-06-28 22:10:00
1,H1,week,q,q_0.9,1195,-771.9342629707103,2024-06-28 22:10:00
2,D1,four_weeks,atrD,atrD_0.025,56,-1664.715417857165,2024-12-30 09:55:00
2,D1,four_weeks,atrH,atrH_0.1,56,-1701.6005607143031,2024-12-30 09:55:00
2,D1,four_weeks,combo,combo_0.5_2,56,-1574.7264142857262,2024-12-30 09:55:00
2,D1,four_weeks,fixed,fixed_0.05,56,-1675.7195089285847,2024-12-30 09:55:00
2,D1,four_weeks,price,price_0.0005,56,-1777.2274401785855,2024-12-30 09:55:00
2,D1,four_weeks,q,q_0.9,56,-635.2266321428586,2024-12-30 09:55:00
2,D1,intraday,atrD,atrD_0.05,61,-184.5446959016436,2024-12-30 15:55:00
2,D1,intraday,atrH,atrH_0.1,61,-188.12160000000293,2024-12-30 15:55:00
2,D1,intraday,combo,combo_0.5_2,61,26.211877049177073,2024-12-30 15:55:00
2,D1,intraday,fixed,fixed_0.01,61,-143.17334016394116,2024-12-30 15:55:00
2,D1,intraday,price,price_0.0005,61,-225.3446836065587,2024-12-30 15:55:00
2,D1,intraday,q,q_0.5,61,-200.3966811475451,2024-12-30 15:55:00
2,D1,two_weeks,atrD,atrD_0.025,57,-1254.3795754386167,2024-12-25 09:55:00
2,D1,two_weeks,atrH,atrH_0.1,57,-1251.8841710526472,2024-12-25 09:55:00
2,D1,two_weeks,combo,combo_0.5_2,57,-1582.4059228070278,2024-12-25 09:55:00
2,D1,two_weeks,fixed,fixed_0,57,-1187.2982692982616,2024-12-25 09:55:00
2,D1,two_weeks,price,price_0.0005,57,-1294.5446552631702,2024-12-25 09:55:00
2,D1,two_weeks,q,q_0.9,57,-644.7802964912315,2024-12-25 09:55:00
2,D1,week,atrD,atrD_0.025,59,-521.7042872881543,2024-12-26 09:55:00
2,D1,week,atrH,atrH_0.1,59,-512.8191330508652,2024-12-26 09:55:00
2,D1,week,combo,combo_1_2,59,-683.4754381356021,2024-12-26 09:55:00
2,D1,week,fixed,fixed_0,59,-435.67305932205034,2024-12-26 09:55:00
2,D1,week,price,price_0.0005,59,-541.6128822034024,2024-12-26 09:55:00
2,D1,week,q,q_0.9,59,-433.47419576271574,2024-12-26 09:55:00
2,H1,four_weeks,atrD,atrD_0.25,1450,-1326.1017215172365,2024-12-30 18:05:00
2,H1,four_weeks,atrH,atrH_1,1450,-1460.3824855862006,2024-12-30 18:05:00
2,H1,four_weeks,combo,combo_1_2,1450,-1460.3824855862006,2024-12-30 18:05:00
2,H1,four_weeks,fixed,fixed_0.5,1450,-1390.6148897586168,2024-12-30 18:05:00
2,H1,four_weeks,price,price_0.005,1450,-1519.2354894482723,2024-12-30 18:05:00
2,H1,four_weeks,q,q_0.9,1450,-730.7876939655167,2024-12-30 18:05:00
2,H1,intraday,atrD,atrD_0.025,184,-1143.4361111413127,2024-12-10 17:05:00
2,H1,intraday,atrH,atrH_0.5,184,-1118.9784271739147,2024-12-10 17:05:00
2,H1,intraday,combo,combo_0.5_2,184,-1118.9784271739147,2024-12-10 17:05:00
2,H1,intraday,fixed,fixed_0.5,184,-996.8431720108686,2024-12-10 17:05:00
2,H1,intraday,price,price_0.005,184,-974.8289565217383,2024-12-10 17:05:00
2,H1,intraday,q,q_0.9,184,-966.9315442934784,2024-12-10 17:05:00
2,H1,two_weeks,atrD,atrD_0.25,1470,-1238.9497534013558,2024-12-30 18:05:00
2,H1,two_weeks,atrH,atrH_1,1470,-1391.0855792516948,2024-12-30 18:05:00
2,H1,two_weeks,combo,combo_1_2,1470,-1391.0855792516948,2024-12-30 18:05:00
2,H1,two_weeks,fixed,fixed_0.5,1470,-1300.3032626530573,2024-12-30 18:05:00
2,H1,two_weeks,price,price_0.005,1470,-1434.9744754421733,2024-12-30 18:05:00
2,H1,two_weeks,q,q_0.9,1470,-763.6644948299319,2024-12-30 18:05:00
2,H1,week,atrD,atrD_0.25,1484,-1224.4924595687285,2024-12-30 23:05:00
2,H1,week,atrH,atrH_1,1484,-1334.0231768194017,2024-12-30 23:05:00
2,H1,week,combo,combo_1_2,1484,-1334.0231768194017,2024-12-30 23:05:00
2,H1,week,fixed,fixed_0.5,1484,-1222.311364487867,2024-12-30 23:05:00
2,H1,week,price,price_0.005,1484,-1365.4210242587565,2024-12-30 23:05:00
2,H1,week,q,q_0.9,1484,-709.8646298854438,2024-12-30 23:05:00
3,D1,four_weeks,atrD,atrD_0.1,63,-1479.4104960317593,2025-02-14 09:55:00
3,D1,four_weeks,atrH,atrH_0.5,63,-1614.3621460317568,2025-02-14 09:55:00
3,D1,four_weeks,combo,combo_0.25_1,63,-1148.8172309523923,2025-02-14 09:55:00
3,D1,four_weeks,fixed,fixed_0.05,63,-1672.194370634931,2025-02-14 09:55:00
3,D1,four_weeks,price,price_0.001,63,-1396.769084126999,2025-02-14 09:55:00
3,D1,four_weeks,q,q_0.9,63,-425.27145317460474,2025-02-14 09:55:00
3,D1,intraday,atrD,atrD_0.05,63,-179.40058253968675,2025-01-17 15:55:00
3,D1,intraday,atrH,atrH_0.1,63,-182.86393412698706,2025-01-17 15:55:00
3,D1,intraday,combo,combo_0.5_2,63,27.6285428571396,2025-01-17 15:55:00
3,D1,intraday,fixed,fixed_0.01,63,-136.99231349207014,2025-01-17 15:55:00
3,D1,intraday,price,price_0.0005,63,-218.9053325396839,2025-01-17 15:55:00
3,D1,intraday,q,q_0.5,63,-192.3990404761946,2025-01-17 15:55:00
3,D1,two_weeks,atrD,atrD_0.1,63,-1003.7547785714402,2025-01-31 09:55:00
3,D1,two_weeks,atrH,atrH_0.1,63,-1090.9249690476324,2025-01-31 09:55:00
3,D1,two_weeks,combo,combo_0.25_1,63,-1046.8257023809617,2025-01-31 09:55:00
3,D1,two_weeks,fixed,fixed_0,63,-1007.8218722222366,2025-01-31 09:55:00
3,D1,two_weeks,price,price_0.001,63,-975.0596857142989,2025-01-31 09:55:00
3,D1,two_weeks,q,q_0.9,63,-478.8667246031765,2025-01-31 09:55:00
3,D1,week,atrD,atrD_0.025,63,-191.68603888890496,2025-01-24 09:55:00
3,D1,week,atrH,atrH_0.1,63,-183.36502142858654,2025-01-24 09:55:00
3,D1,week,combo,combo_0.25_1,63,-348.5676420635022,2025-01-24 09:55:00
3,D1,week,fixed,fixed_0,63,-84.96632063493512,2025-01-24 09:55:00
3,D1,week,price,price_0.0005,63,-236.98363809524923,2025-01-24 09:55:00
3,D1,week,q,q_0.5,63,-84.96632063493512,2025-01-24 09:55:00
3,H1,four_weeks,atrD,atrD_0.25,1804,-1025.3132723946753,2025-06-30 22:05:00
3,H1,four_weeks,atrH,atrH_1,1804,-1167.8439927660716,2025-06-30 22:05:00
3,H1,four_weeks,combo,combo_1_2,1804,-1167.8439927660716,2025-06-30 22:05:00
3,H1,four_weeks,fixed,fixed_0.5,1804,-1083.006776385807,2025-06-30 22:05:00
3,H1,four_weeks,price,price_0.005,1804,-1203.971895565408,2025-06-30 22:05:00
3,H1,four_weeks,q,q_0.9,1804,-647.5103986141906,2025-06-30 22:05:00
3,H1,intraday,atrD,atrD_0.25,209,-1035.0316174641146,2025-06-23 17:05:00
3,H1,intraday,atrH,atrH_0.5,209,-1167.3614562200985,2025-06-23 17:05:00
3,H1,intraday,combo,combo_0.5_2,209,-1167.3614562200985,2025-06-23 17:05:00
3,H1,intraday,fixed,fixed_0.5,209,-906.3613854066978,2025-06-23 17:05:00
3,H1,intraday,price,price_0.005,209,-957.2103569377983,2025-06-23 17:05:00
3,H1,intraday,q,q_0.9,209,-786.5414760765585,2025-06-23 17:05:00
3,H1,two_weeks,atrD,atrD_0.25,1826,-985.598826725079,2025-06-30 22:05:00
3,H1,two_weeks,atrH,atrH_1,1826,-1152.8369363088682,2025-06-30 22:05:00
3,H1,two_weeks,combo,combo_1_2,1826,-1152.8369363088682,2025-06-30 22:05:00
3,H1,two_weeks,fixed,fixed_0.5,1826,-1030.1929986856494,2025-06-30 22:05:00
3,H1,two_weeks,price,price_0.005,1826,-1164.8816757393188,2025-06-30 22:05:00
3,H1,two_weeks,q,q_0.9,1826,-647.4839787513691,2025-06-30 22:05:00
3,H1,week,atrD,atrD_0.25,1844,-1024.027249837307,2025-06-30 22:05:00
3,H1,week,atrH,atrH_1,1844,-1164.7976555856794,2025-06-30 22:05:00
3,H1,week,combo,combo_1_2,1844,-1164.7976555856794,2025-06-30 22:05:00
3,H1,week,fixed,fixed_0.5,1844,-1005.3611700921883,2025-06-30 22:05:00
3,H1,week,price,price_0.005,1844,-1142.2565345173514,2025-06-30 22:05:00
3,H1,week,q,q_0.9,1844,-589.1512265455527,2025-06-30 22:05:00
4,D1,four_weeks,atrD,atrD_0.1,63,-1479.4104960317593,2025-02-14 09:55:00
4,D1,four_weeks,atrH,atrH_0.5,63,-1614.3621460317568,2025-02-14 09:55:00
4,D1,four_weeks,combo,combo_0.25_1,63,-1148.8172309523923,2025-02-14 09:55:00
4,D1,four_weeks,fixed,fixed_0.05,63,-1672.194370634931,2025-02-14 09:55:00
4,D1,four_weeks,price,price_0.001,63,-1396.769084126999,2025-02-14 09:55:00
4,D1,four_weeks,q,q_0.9,63,-425.6248238095248,2025-02-14 09:55:00
4,D1,intraday,atrD,atrD_0.05,63,-179.40058253968675,2025-01-17 15:55:00
4,D1,intraday,atrH,atrH_0.1,63,-182.86393412698706,2025-01-17 15:55:00
4,D1,intraday,combo,combo_0.5_2,63,27.6285428571396,2025-01-17 15:55:00
4,D1,intraday,fixed,fixed_0.01,63,-136.99231349207014,2025-01-17 15:55:00
4,D1,intraday,price,price_0.0005,63,-218.9053325396839,2025-01-17 15:55:00
4,D1,intraday,q,q_0.5,63,-192.3990404761946,2025-01-17 15:55:00
4,D1,two_weeks,atrD,atrD_0.1,63,-1003.7547785714402,2025-01-31 09:55:00
4,D1,two_weeks,atrH,atrH_0.1,63,-1090.9249690476324,2025-01-31 09:55:00
4,D1,two_weeks,combo,combo_0.25_1,63,-1046.8257023809617,2025-01-31 09:55:00
4,D1,two_weeks,fixed,fixed_0,63,-1007.8218722222366,2025-01-31 09:55:00
4,D1,two_weeks,price,price_0.001,63,-975.0596857142989,2025-01-31 09:55:00
4,D1,two_weeks,q,q_0.9,63,-280.1183769841293,2025-01-31 09:55:00
4,D1,week,atrD,atrD_0.025,63,-191.68603888890496,2025-01-24 09:55:00
4,D1,week,atrH,atrH_0.1,63,-183.36502142858654,2025-01-24 09:55:00
4,D1,week,combo,combo_0.25_1,63,-348.5676420635022,2025-01-24 09:55:00
4,D1,week,fixed,fixed_0,63,-84.96632063493512,2025-01-24 09:55:00
4,D1,week,price,price_0.0005,63,-236.98363809524923,2025-01-24 09:55:00
4,D1,week,q,q_0.5,63,-84.96632063493512,2025-01-24 09:55:00
4,H1,four_weeks,atrD,atrD_0.25,2188,-1009.2713296846408,2025-12-30 23:05:00
4,H1,four_weeks,atrH,atrH_1,2188,-1147.5760105575835,2025-12-30 23:05:00
4,H1,four_weeks,combo,combo_1_2,2188,-1147.5760105575835,2025-12-30 23:05:00
4,H1,four_weeks,fixed,fixed_0.5,2188,-988.0998376599621,2025-12-30 23:05:00
4,H1,four_weeks,price,price_0.005,2188,-1108.6742231718451,2025-12-30 23:05:00
4,H1,four_weeks,q,q_0.9,2188,-611.2048340036563,2025-12-30 23:05:00
4,H1,intraday,atrD,atrD_0.25,233,-968.9686251072958,2025-12-29 17:05:00
4,H1,intraday,atrH,atrH_1,233,-1121.2329055793996,2025-12-29 17:05:00
4,H1,intraday,combo,combo_1_2,233,-1121.2329055793996,2025-12-29 17:05:00
4,H1,intraday,fixed,fixed_0.5,233,-861.7512178111581,2025-12-29 17:05:00
4,H1,intraday,price,price_0.005,233,-911.235897424892,2025-12-29 17:05:00
4,H1,intraday,q,q_0.9,233,-786.3748581545052,2025-12-29 17:05:00
4,H1,two_weeks,atrD,atrD_0.25,2214,-956.4312063685613,2025-12-30 22:05:00
4,H1,two_weeks,atrH,atrH_1,2214,-1106.576405216799,2025-12-30 22:05:00
4,H1,two_weeks,combo,combo_1_2,2214,-1106.576405216799,2025-12-30 22:05:00
4,H1,two_weeks,fixed,fixed_0.5,2214,-934.0456061427268,2025-12-30 22:05:00
4,H1,two_weeks,price,price_0.005,2214,-1057.6199195347774,2025-12-30 22:05:00
4,H1,two_weeks,q,q_0.9,2214,-621.8745751580849,2025-12-30 22:05:00
4,H1,week,atrD,atrD_0.25,2228,-1002.6744680655275,2025-12-30 23:05:00
4,H1,week,atrH,atrH_1,2228,-1133.7803358841984,2025-12-30 23:05:00
4,H1,week,combo,combo_1_2,2228,-1133.7803358841984,2025-12-30 23:05:00
4,H1,week,fixed,fixed_0.5,2228,-922.1677128141818,2025-12-30 23:05:00
4,H1,week,price,price_0.005,2228,-1054.1155836400346,2025-12-30 23:05:00
4,H1,week,q,q_0.9,2228,-568.6316342010767,2025-12-30 23:05:00
